序号,上级评论ID,评论ID,用户ID,用户名,用户等级,性别,评论内容,评论时间,回复数,点赞数,个性签名,IP属地,是否是大会员,头像
1,0,264592783313,3546612766869883,大秀一啊,3,保密,@晚夜枭,2025-06-15 00:39:01,1,1,,浙江,否,https://i1.hdslb.com/bfs/face/73fb4ce9a1a0fae80d390c26c89e073edac474c4.jpg
2,264592783313,265644644288,1393321449,晚夜枭,4,男,[大哭],2025-06-15 00:44:24,0,0,别名二五，不喝茶。,浙江,否,https://i0.hdslb.com/bfs/face/9cb0dcc896f0329cb7788447a1a2f7ef303d7f7d.jpg
3,0,264526218881,3546721948797095,劳大怒肘直升机,4,保密,@完熟の波奇芒果酱,2025-06-14 07:39:08,0,0,,广东,否,https://i2.hdslb.com/bfs/face/1ad50a8748cbcfb2f606818d60c58b38606b2010.jpg
4,0,264451720209,3546838443493564,醇税荆泠,2,保密,第23首哈基米[笑哭],2025-06-13 12:56:37,0,0,,广东,否,https://i1.hdslb.com/bfs/face/44076519379caed146a43cbd4abc48267cdad153.jpg
5,0,265380228672,597092804,回响高天的安魂曲,5,保密,"我是，背负曼波之人😡
我是 终将哈气的基米😡",2025-06-12 06:20:02,0,2,,浙江,是,https://i2.hdslb.com/bfs/face/7c9d239758062cca8a974fec1bf283fdee3c2169.jpg
6,0,265323198272,348841637,才不是0p呢,6,女,@月亮與我相擁 @瞬逝之虹 @这破ID不要也罢 @不二之綫 @死姐布 @冰殇哀怨69 @开元来的小禾禾禾苗 @实負初衷,2025-06-11 13:18:08,0,0,,河南,否,https://i2.hdslb.com/bfs/face/66158853f414786aca944d8b1270e66dd3b6de49.jpg
7,0,265277039360,437229323,桐生兔兔,5,保密,@在原娜娜米,2025-06-11 03:48:44,0,0,,安徽,否,https://i2.hdslb.com/bfs/face/e1a610605b3f19af4c5594ba167025f0ca403473.jpg
8,0,264116485793,181623898,如果你不知道吗,5,保密,@老飞宇66 @老飞宇66,2025-06-09 16:10:08,0,0,,湖北,是,https://i1.hdslb.com/bfs/face/f108894ba1938b731acbbb24d19f63b5874db360.jpg
9,0,264116229521,181623898,如果你不知道吗,5,保密,@老飞宇66,2025-06-09 16:09:17,1,0,,湖北,是,https://i1.hdslb.com/bfs/face/f108894ba1938b731acbbb24d19f63b5874db360.jpg
10,264116229521,264116233057,181623898,如果你不知道吗,5,保密,求你了听听,2025-06-09 16:09:25,0,0,,湖北,是,https://i1.hdslb.com/bfs/face/f108894ba1938b731acbbb24d19f63b5874db360.jpg
11,0,265085080400,504274206,雲無風輕,5,保密,@阿妄丶,2025-06-09 02:07:51,1,0,不是我说，你点进我主页干蛤？,湖北,否,https://i0.hdslb.com/bfs/face/5e36b6dee993d2c3c9e3218fbc10c1204af95309.jpg
12,265085080400,264044756177,2028405579,阿妄丶,5,女,燃了个牛魔啊,2025-06-09 02:08:30,0,0,我此生的永恒,湖北,否,https://i0.hdslb.com/bfs/face/e741d65a855e837d0f621da20c83b907441ac7f4.jpg
13,0,264004098737,516802786,Lilas-lena,5,男,@圣东京阿诺 逆天,2025-06-08 12:48:52,2,0,,安徽,否,https://i1.hdslb.com/bfs/face/675fff76314a295f8ca06f71eb60e55f35de424d.jpg
14,264004098737,264004287649,516802786,Lilas-lena,5,男,燃的我要跟哈基米之泰坦干架了[鸣潮_祈愿],2025-06-08 12:50:02,0,0,,安徽,否,https://i1.hdslb.com/bfs/face/675fff76314a295f8ca06f71eb60e55f35de424d.jpg
15,264004287649,264012990561,1882157375,圣东京阿诺,5,保密,回复 @Lilas-lena :[原神_欸嘿][原神_欸嘿][原神_欸嘿]我喜欢你,2025-06-08 14:19:06,0,1,,安徽,否,https://i2.hdslb.com/bfs/face/3c7f8bc6c22df104c58606d6ef7c6311818c9e41.jpg
16,0,265027143168,1299680829,须弥存护星神,5,男,@须弥保安部部长 @紫红面包 @须弥存护令使 @爽炫散猫猫香肩 @须弥耐肘王 @流浪者冷门信仰牢玩家 @菇菇菌_ @Prin夜刀神十香cess @_热_望_ 盗罐行者这招太狠了[辣眼睛],2025-06-08 09:52:58,0,4,一只男散厨，不过没攒原石只有0+0。圣遗物小程序ACE，不过还是不太好。虽然很努力养了，但还是打不过深渊。米家三游都玩。经常看私信，可以聊天,安徽,否,https://i0.hdslb.com/bfs/face/21da044b0de7a678c41da5e31d6156dcf06c0568.jpg
17,0,264816200032,505133306,偶然阴雨,4,保密,@墨染林月,2025-06-06 06:54:27,0,0,,江西,否,https://i2.hdslb.com/bfs/face/8438e0389309d5edee935e130fafa63e1dcb53bf.jpg
18,0,264809386128,509998816,云云云wow,5,保密,@极地金龙nwn,2025-06-06 05:16:30,1,1,,广东,否,https://i1.hdslb.com/bfs/face/c69572bc3042ce5ffb8262c4ab9a2ec6ffb7ecdb.jpg
19,264809386128,263806650849,1520665850,极地金龙nwn,5,保密,天空属于________,2025-06-06 11:44:25,0,0,,湖北,否,https://i2.hdslb.com/bfs/face/661dfa21acfa33ccb63d0a815a6d49e6a1452084.jpg
20,0,264647542880,431875839,友军把放下,5,保密,这艺术已经脱离了毕加索的枷锁了[笑哭],2025-06-04 09:21:18,0,0,（doge）（doge）,天津,否,https://i0.hdslb.com/bfs/face/2799109b75338a6a49353ddb5ce541430d76e0fa.jpg
21,0,263615653697,393774177,禁不趣,5,男,@呆毛王_的骑士wikn,2025-06-04 08:27:53,0,0,,辽宁,是,https://i0.hdslb.com/bfs/face/0d30a979a95dfc285abb22a05e1b760a11b54ebe.jpg
22,0,263594295745,2047268971,摆烂老七,4,保密,@任之不凡 豪庭😄,2025-06-04 03:06:03,1,0,,湖南,否,https://i1.hdslb.com/bfs/face/bfc76a98e72beb4b9bf9f3f2deb68092ce909111.jpg
23,263594295745,263606285889,1944207986,任之不凡,5,保密,神人音乐,2025-06-04 05:44:19,0,0,愿你开心生活每一天,湖南,否,https://i2.hdslb.com/bfs/face/eedcce6acef84c478dec50f9df441125dd91fed3.jpg
24,0,263568975745,411579493,马天尼特工,5,男,@石田lio,2025-06-03 15:42:54,0,0,吾日三省吾身，吾无过。,湖南,否,https://i1.hdslb.com/bfs/face/165441905867d215eabe655073bbcb0c5ceba315.jpg
25,0,263485402929,475342965,转生在三次元当友人A,5,男,@靛蓝色的大盗小舟,2025-06-02 15:56:23,0,0,如果可以的话 我想跟对的人去看一次烟火大会,广东,是,https://i0.hdslb.com/bfs/face/ad2f3639bac1b593ac0413ab0d83a9013b775b19.jpg
26,0,263440492657,3537112867539661,阿宇同学游戏日记,2,男,给老78🤓,2025-06-02 07:26:39,0,0,不想从梦中醒来去面对残酷的现实，但现实是，我的闹钟响了。,广东,否,https://i1.hdslb.com/bfs/face/6b7f949acac3e8653e8085c13b5853b8e2f8e6ef.jpg
27,0,263437655201,41851364,丰川祥子゛,6,女,🥰,2025-06-02 06:50:04,0,0,ⓘ该账号封禁中,广东,否,https://i2.hdslb.com/bfs/face/7366fd305f3000816f41e29855065356d3236730.jpg
28,0,263395866945,1351204458,苟袭,5,保密,@氨气制造,2025-06-01 17:47:27,0,0,不玩二游不玩第五，我很老实，我什么都没做错，不准骂我,江苏,否,https://i0.hdslb.com/bfs/face/e2fb9f02130f0b0b37b3e797259f2a06f619786e.jpg
29,0,263393465313,1719064185,鈱信,5,保密,曼崩音乐,2025-06-01 17:03:44,0,0,请输入个性签名,广东,否,https://i0.hdslb.com/bfs/face/5ca11b0e1f1cf1c262c1acc0363fd7b708ed9216.jpg
30,0,264372770320,1985404124,pouringmilk,5,保密,@Ejumuji丶,2025-06-01 09:35:48,1,0,,未知,是,https://i2.hdslb.com/bfs/face/1ba987af3e04d08232424cf156ec22ff2d8a5837.jpg
31,264372770320,264375667584,88446103,Ejumuji丶,6,保密,神人,2025-06-01 10:08:07,0,0,　,江西,是,https://i1.hdslb.com/bfs/face/4fc9607d7eb9e7d3c9c5da7d925de8e6e38653de.jpg
32,0,264363083376,456324523,唐苏-,4,男,@听得心如故,2025-06-01 07:35:31,0,1,又来了？,福建,否,https://i1.hdslb.com/bfs/face/fe33892f5f4f896dcfea23b4f2c9b875fbb7ca8b.jpg
33,0,264335385440,1130037107,流萤の星辰,5,保密,@ましろの魚 @某只bird @吸纯氧吧你,2025-06-01 02:21:24,0,0,这逼很懒，啥都不想写,广东,否,https://i2.hdslb.com/bfs/face/10891eea0bf35d50d94127ef70991a36e33dec15.jpg
34,0,263223792673,3546751155833074,三问玖学,3,保密,@-嘉备- @_holy蟹 @悉尼的暴雨,2025-05-31 03:07:52,0,0,,江苏,否,https://i1.hdslb.com/bfs/face/636377d7d0df5369e2b93891f4b0f4448c535182.jpg
35,0,264175542864,277403833,背负着德莉傻的犹大,6,保密,提松唱的,2025-05-30 09:37:29,0,0,我于黄昏之中绽放 亦如黎明之花......,山东,否,https://i1.hdslb.com/bfs/face/bf2479cb3ae276f9811178a6daa0621ddd91025a.jpg
36,0,263126415473,3546758246303850,卡芙卡剪辑,3,保密,@日望君,2025-05-30 01:20:35,0,0,学习剪辑中～,安徽,否,https://i0.hdslb.com/bfs/face/431af70ed68f7298e4ada4b0b8c7d39b68b863ed.jpg
37,0,263101168913,386590088,乱炖i,5,保密,真快啊,2025-05-29 14:42:13,0,0,体验过的我才会发表意见,山东,否,https://i2.hdslb.com/bfs/face/07e10d4d69923df21f0677cc6029bca5f69edf8b.jpg
38,0,262967238721,3546704062188388,小风幜,4,男,作者你们两个实在不行赔我点钱吧[笑哭],2025-05-28 03:02:37,0,3,可乐不断加加加,美国,否,https://i1.hdslb.com/bfs/face/cd58da70409697354f4b25a49455bc197f15b0db.jpg
39,0,262860238033,3493135489436263,咱一直会喜欢玛丽的,4,保密,@睹物思旧 @千年魔王优香 @wuming_bai @我需要更多的爱丽丝 @芽一的骑芽娜 @愛麗絲愛key @还是想吃脑花 @I主石桥 @江波波波波波波,2025-05-26 15:46:20,1,0,Q群：879296448,浙江,否,https://i1.hdslb.com/bfs/face/68a959385420b8568a98ddfc214055b0ca553c3a.jpg
40,262860238033,262860918257,1387367789,我需要更多的爱丽丝,4,保密,[蔚蓝档案表情包_神作],2025-05-26 15:53:03,0,0,,浙江,否,https://i2.hdslb.com/bfs/face/b1a5e67f7fa3fa162fd9cb8cec3365b162d4f72e.jpg
41,0,262834274833,180521657,星颂丶,6,男,@秋月寒江w,2025-05-26 10:59:32,0,0,Nice to see you,福建,否,https://i2.hdslb.com/bfs/face/2a92af047ef25d91e7263b2e91f08e7b67b06e9a.jpg
42,0,263831662928,1575865240,波塞冬冷门信仰玩家,5,保密,@黄衣之主赛博怨灵玩家 黑厄你赢了,2025-05-26 09:48:35,0,1,卡密哒,江苏,否,https://i1.hdslb.com/bfs/face/7f3db4c99f4467a65183b2f075231062253b5f2b.jpg
43,0,263788947136,565044415,犽戎今天吃什么,6,保密,@小培爱吃鱼_,2025-05-25 19:18:49,0,0,盗取金源魄是可耻的,山东,否,https://i1.hdslb.com/bfs/face/46d0cedf19b176126a54d3c88103f09d913d0a2e.jpg
44,0,262782564753,356953279,怎么能忘了团子大家族,6,男,@老飞宇66,2025-05-25 17:14:13,0,0,是的，我有一个小号@怎么能忘了无职转生,安徽,否,https://i1.hdslb.com/bfs/face/8676aaf822227e36ee84572cd344de15fedbd2f9.jpg
45,0,262741211921,3546891077814759,变成光的小号,2,男,好词不挑曲,2025-05-25 09:07:28,0,1,太搞了,湖南,否,https://i0.hdslb.com/bfs/face/b93f9c6c672d7516d605c44b4e9c2eae82dc1d44.jpg
46,0,263729178000,3546677176699203,A取名好难P,4,保密,马哈鱼略猫[无语],2025-05-25 06:15:48,0,0,女漂忠实厨子,河北,否,https://i0.hdslb.com/bfs/face/5dcb941cd9ac1fdc094eed5a3bab1078ed38884a.jpg
47,0,262715124817,694511286,芝士柒月,5,男,@老飞宇66,2025-05-25 03:39:43,0,0,,广东,否,https://i0.hdslb.com/bfs/face/57a4fb3446eb05a3fa066f9c12612ee999935e2d.jpg
48,0,263712327680,1129148032,谋大慈树王,5,保密,缇宝这招太狠了,2025-05-25 03:01:47,0,0,,山东,是,https://i1.hdslb.com/bfs/face/c7a2f11a0cc7e482b10de0728589a5d09d844f7a.jpg
49,0,262703497857,1514874851,懒宅的憨沐,5,保密,你们够了[笑哭],2025-05-25 00:55:53,0,1,吃着瓜子看着乐子，看着故事吃着刀子,安徽,否,https://i2.hdslb.com/bfs/face/3edd7424990ed9ccf4c5d9306134594cc90426cb.jpg
50,0,263695755264,406107627,FO永日空气,5,男,@永远爱老妈 @Q泉此方Q @唱跳rap的男孩 豪庭,2025-05-24 20:12:02,0,0,巨人～巨人～巨人！进击～进击～进击！,广东,否,http://i0.hdslb.com/bfs/face/2840f7524538b3893928103a6d7dea86707596f6.jpg
51,0,262690662305,521702059,魈就是帅,5,保密,@企鹅物流宿管,2025-05-24 17:25:07,0,0,,广东,否,https://i1.hdslb.com/bfs/face/337d1abc9ad36a2d7c5e2e8fd37322f45ad0d815.jpg
52,0,263688800096,180024144,穗织起爆爱丽丝,6,男,我是终将升起的哈基米,2025-05-24 17:02:35,0,1,树上的橘子和地上的叶，都有他自己的路要走。,四川,否,https://i0.hdslb.com/bfs/face/68e32c0d78379b5ba8424e5391d382d4441da867.webp
53,0,263681440272,350675600,Ciall0d00,6,男,能剪出这玩意的家里请什么都没用了,2025-05-24 15:30:03,0,1,El Psy Congroo.,山东,是,https://i2.hdslb.com/bfs/face/194ace8471c6fc516bbe6004e2cabe910852f32e.jpg
54,0,262682036689,29637595,世海爱喝水,6,保密,南北绿豆[奋斗],2025-05-24 15:28:21,0,1,艺术无了，幸好这里还有回忆！,辽宁,否,https://i1.hdslb.com/bfs/face/e6215eabf4aae4388188b80d303d0157e0081c9d.jpg
55,0,263678407456,14571603,龙江狠入,6,男,致敬，猫天帝，只身一人，独断万古1000余年[喜欢]，为后世留下完美世界给予救世主发育时间，和万天帝联手抵御诡异入侵。[笑哭]之后被黑暗仙帝，倒灌行者用剑胎重创而陨落。[笑哭]猫天帝死后诡异入侵，后世称黑暗动乱。,2025-05-24 14:56:40,0,0,我知道你很急，但是爷不屑于看野狗的回复,黑龙江,否,https://i0.hdslb.com/bfs/face/1b36a230768de025fd87974a9fcdbaf5daa8f927.jpg
56,0,262673898337,448661984,Lx白糖,5,男,你们天天制作这些音频，真的是。。。太棒了[doge],2025-05-24 14:01:07,0,0,,安徽,否,http://i2.hdslb.com/bfs/face/6fb06e05c092feca6caf505821123dbf14437341.jpg
57,0,262672109521,1385740085,奄奄E蜥_,5,保密,@夕颜潇月 过完剧情看,2025-05-24 13:41:04,0,0,我是24，你好,福建,否,https://i2.hdslb.com/bfs/face/0a4010061baf95e87ac97b5731875f2cbd21aa1e.jpg
58,0,262664446273,440874456,林鸱_苍泽咲,5,女,豪庭,2025-05-24 12:16:22,0,0,,陕西,否,https://i0.hdslb.com/bfs/face/b86041bddf8266de40ad7ee152960542279ae6a1.jpg
59,0,263657201616,34487007,温猪老狗,6,男,@晕鱼_ @_R0m @鬼陌丷,2025-05-24 11:09:03,0,0,486，永远滴超人！,江苏,否,https://i0.hdslb.com/bfs/face/51349ceaf9d1d0173a96ccc6c8420f1d5a58e897.jpg
60,0,263655502784,3546580802079508,霃云墨雨,3,男,@諃煜寒,2025-05-24 10:52:25,0,0,,浙江,否,https://i1.hdslb.com/bfs/face/27de8b406f691114680579ce1b27b2749c6b031d.jpg
61,0,263649316832,445925546,谷羽灯,5,保密,@Dr_M4sh1r0 不行一下子没绷住,2025-05-24 09:43:10,1,1,『瞄准月亮，就算到达不了，也能落在云彩上』,浙江,否,https://i2.hdslb.com/bfs/face/047b2bc8808a0083feab989083853c6bc7947a9c.jpg
62,263649316832,262652276049,281757564,Dr_M4sh1r0,6,男,太震撼了,2025-05-24 10:00:23,0,0,开摆！,河南,是,https://i0.hdslb.com/bfs/face/2bbc34d64732de0a986992c696e8f10caab34441.webp
63,0,262649925153,33960157,追七七的胡桃,6,保密,到底是谁在做这种神人音乐,2025-05-24 09:30:57,0,1,我也是个非洲人，所以我们可能是老乡,江西,否,https://i1.hdslb.com/bfs/face/fbfcd8331c25713a7e1028f855cb731be4eca062.jpg
64,0,262647758337,1913017656,-1-20,5,保密,@老飞宇66,2025-05-24 09:05:56,0,0,,吉林,否,https://i0.hdslb.com/bfs/face/901435ef227c679e6df25f681e730d5539874fe4.jpg
65,0,263645595296,32651302,黑丝最喜欢了,6,男,一般[吃瓜],2025-05-24 08:59:11,0,1,,江西,否,https://i1.hdslb.com/bfs/face/eec82b83a5750c2f21fb33f2773f3cb8d4ddee3e.jpg
66,0,262647090129,389397698,多重叠字,5,女,[绝区零_惊吓],2025-05-24 08:56:39,0,1,多重叠字multiword唯一账号。关注米游社多重叠字谢谢喵(^･ｪ･^),江西,否,https://i2.hdslb.com/bfs/face/cfcefe834e243192fac7a31ce78b0364b2a435a4.jpg
67,0,262645271537,393288490,苍小玄世界第一可愛,5,保密,@一緒にで @超级柴郡至尊ProMax @沫栀hdxn,2025-05-24 08:33:05,0,1,,湖南,否,http://i1.hdslb.com/bfs/face/37271a0878366c5b0a9863f80940a77e37f5cead.jpg
68,0,263643330608,3546680418896840,jiachang0303,4,保密,@紅酒杯杯 @WB白熊WB,2025-05-24 08:28:26,1,0,dc: jia.rin,中国台湾,否,https://i2.hdslb.com/bfs/face/fcb42d698d7f959b5fbf71fa9ac51314a247db8b.jpg
69,263643330608,262647301121,1741806675,白熊老王,5,男,@jiachang0303 又有新歌庭啦,2025-05-24 08:58:29,0,0,BRUH ,中国台湾,否,https://i0.hdslb.com/bfs/face/c6e43f4385d20d11bd632cac66298687bb5be8a5.jpg
70,0,262644882577,1271959166,平凡的方块人,5,男,叮咚の泰坦爱冒勒[笑哭],2025-05-24 08:26:11,0,1,孩子，等你看到这段话的时候，你肯定是手残了，看吧！一看就是让我说中了,浙江,否,https://i2.hdslb.com/bfs/face/ac75eea620b6e5be200fd3d8c54ac01ef5c92e5c.jpg
71,0,263636016496,3546381385993125,幻星玄月,5,保密,离人很远，离神已经很近了。简称，神人,2025-05-24 06:45:12,0,2,,四川,否,https://i0.hdslb.com/bfs/face/d3780a504510caef0ddcafb5cde84beefe5fbe25.jpg
72,0,262630785281,631154965,渡羽浮生,5,保密,@老飞宇66,2025-05-24 05:14:51,0,1,千翎湮尘羽渡尘，拂手阴晴袖缠云。,陕西,否,https://i1.hdslb.com/bfs/face/cbeeb8936341d02a1415909db83ff7e70bc8ff76.jpg
73,0,263628408544,26308238,遥之路映我心,6,保密,我是，终将隆起的脊背!🐱,2025-05-24 05:09:11,0,1,呀哈喽,上海,是,https://i2.hdslb.com/bfs/face/f21dfb5a2d1a39624063494e58b6331381495d18.jpg
74,0,263626899792,1814529309,面似北斗,5,男,@擱淺--- @三千鴉鎩 @nina的吉他 @叶落红时 给我听笑了[笑哭][笑哭][笑哭],2025-05-24 04:52:50,0,1,开心就好,上海,是,https://i0.hdslb.com/bfs/face/2912fef28aaab1d58eb028dc70df63fdaf6de3e7.jpg
75,0,263624043408,3546674213423918,lingshi12,3,保密,出了t我,2025-05-24 04:23:53,1,0,在玩B站盲盒，我是狗,山西,否,https://i0.hdslb.com/bfs/face/member/noface.jpg
76,263624043408,262648046673,2047472570,伏尸王结城友奈,6,保密,完整版已发,2025-05-24 09:09:20,0,0,诈尸了,重庆,是,https://i2.hdslb.com/bfs/face/1e7cdc8db138256ee515f5ad76cd925eb82d4db4.jpg
77,0,262625193169,1335126280,风之幻影lrj,5,保密,@天之碧水,2025-05-24 04:13:43,1,2,编辑个性签名,黑龙江,是,https://i1.hdslb.com/bfs/face/2e8e8d0f77b3ab2bacb539142e017fc620811ef2.jpg
78,262625193169,263624006704,1989697712,天之碧水,5,保密,艹了,2025-05-24 04:22:50,0,1,"这是只furry控，主管，开拓者～
争取coser，装师，画师，全面发展，一条龙服务(doge)",黑龙江,否,https://i2.hdslb.com/bfs/face/d7364d2b34b9a349789b8884b1cd83d1493a305f.jpg
79,0,262624401281,355125663,eixpA,6,保密,别给我小马唱死了😭,2025-05-24 04:03:30,0,0,这是什么？好怪哦，再看一眼；这是什么？好怪哦，再看一眼,广东,否,https://i0.hdslb.com/bfs/face/e189c55ce6b430481fe4058de55e2e4be76dfcd6.jpg
80,0,262623084737,3546703535802991,信仰太清,3,保密,观后感（）,2025-05-24 03:48:27,0,0,“和其光，同其尘”,山东,否,https://i1.hdslb.com/bfs/face/8029a846a8d35d105a187a2aaa4d9094ff8ad079.jpg
81,0,262613579985,1947798156,你好1219658,4,保密,@蕻瀟梟,2025-05-24 01:36:26,0,1,,江苏,否,https://i0.hdslb.com/bfs/face/6ad99ffbfadc1936274492fb82f9aa42ab63cf5d.jpg
82,0,262609181841,1961381,吉利蛋侠,6,保密,@Andy淡蓝 @流光镜羽 @书黍粟 草拟的笑死我了,2025-05-24 00:15:08,0,3,唔姆,江苏,是,https://i2.hdslb.com/bfs/face/fb7da99df84d8fd4d1010e146613f0decbd72185.jpg
83,0,262607504817,1183624780,老币登年龄33岁,4,保密,@染汐影 @殄怀霁 @清曲浊 @Star星野-凛优奈 @左乐什么时候满潜,2025-05-23 23:33:04,0,3,满朝尽忠天子，何有不臣之人,河南,否,https://i1.hdslb.com/bfs/face/774920fe0d43db2629d3debaea14a3e7f18215ac.jpg
84,0,263602119168,1659393620,老代哥佐菲,5,保密,我是......背负哈气之人！我是......终将升起的脊背！,2025-05-23 21:29:22,0,37,,天津,是,https://i2.hdslb.com/bfs/face/8a0cb214cc6b7a368f1b26978d8360f50060d462.jpg
85,0,263601036784,321277049,JF疯凰居士,6,男,我要哈气了[藏狐],2025-05-23 20:22:25,0,1,"拼好游拼好人拼好背拼好创，样样能拼；
偷一半修一半抄一半遮一半，事事能赢。
知道为什么拼好游要做出拼好创和拼好人吗？因为爱拼才会赢",广西,是,https://i2.hdslb.com/bfs/face/2f53f1c488f3db40ab54d6cc742f11dae69a4612.jpg
86,0,262603319873,1598965966,天鳴涯,5,男,神人,2025-05-23 19:46:03,0,0,鸟于飞花，真我无暇,西藏,否,https://i1.hdslb.com/bfs/face/6f2af31dea308f064e320a9e76fb00c3c25d0ba2.webp
87,0,263600225632,472989028,浪漫散入天际,5,保密,@司机师傅suki @__-Cx330-_-,2025-05-23 19:34:09,1,0,,山东,是,https://i1.hdslb.com/bfs/face/fb362f17bd84ac6210f0c89fcba9d3f6da6b7100.jpg
88,263600225632,263613145904,78964131,司机师傅suki,6,男,燃起来了,2025-05-24 02:08:30,0,0,人亦如星，或居空而渺然，或为彗而明夜,山东,是,https://i0.hdslb.com/bfs/baselabs/48d61b74660137dea84c6e5c96f01eb5da79bbdc.png
89,0,262602052193,91187374,X1_3-5_7-9X,6,保密,致敬传奇爱猫公司哈基米哈游,2025-05-23 18:57:57,0,9,.,加拿大,否,https://i1.hdslb.com/bfs/face/6a3719876c6deb19979497cc0413c266deb4905e.jpg
90,0,262601816929,401682763,羽翼不是鸡毛,6,男,@老飞宇66,2025-05-23 18:48:41,0,1,无论结局如何，我已很感谢相遇,江苏,是,https://i1.hdslb.com/bfs/face/fdddda87e6f097fc1fe78c948b75fdff9d647270.jpg
91,0,263598862464,689275318,鋈忘_WKrD,2,保密,啊？,2025-05-23 18:45:04,0,0,看来我真得升下b站等级了,海南,否,https://i1.hdslb.com/bfs/face/a3d993a4f6f6b1c2ae5d19af0f275feb803cdc8b.jpg
92,0,262601046497,399860797,これは柠です,6,保密,@最强门番美铃 @梦茗啊,2025-05-23 18:19:39,1,1,"什么都玩点








交流群:948275959",湖北,是,https://i1.hdslb.com/bfs/face/984ce03ea63177c4eec7ea112bd6641fd1d83439.webp
93,262601046497,263600645744,23995836,最强门番美铃,6,保密,？？？,2025-05-23 19:52:46,0,1,,山东,是,https://i0.hdslb.com/bfs/face/ac840e92319195f5e843212e490039cbce988e0e.jpg
94,0,263597917552,454802134,AAA建材批发邓哥,5,男,@小琨爱小蛊,2025-05-23 18:17:58,0,0,温一碗酒，再来一叠茴香豆,重庆,是,https://i1.hdslb.com/bfs/face/516466d4185bdd21fbd5f0bf33ccf0869ae2b2ca.webp
95,0,263597407600,1051813702,fc芙芙,5,保密,已经明天了[生气_金箍],2025-05-23 18:03:46,0,1,,江苏,否,https://i1.hdslb.com/bfs/face/d9a9251099a4da27c07a14a8a7ca9502084ef586.jpg
96,0,263597252704,1519261899,AMirrorflow,5,保密,@一只小枫子,2025-05-23 18:01:38,0,0,？,安徽,否,https://i0.hdslb.com/bfs/face/5ba3cd1aad107f807071879bda09bc507a039507.jpg
97,0,262599914017,1611415162,碎十分,5,男,@老飞宇66,2025-05-23 17:56:19,0,0,个性,广西,否,https://i1.hdslb.com/bfs/face/4a65dd08f774c033c81261d6dcba6865b53b8abb.jpg
98,0,262597786065,11028860,_-風葉-_,6,男,@羊懒懒想懒羊羊,2025-05-23 17:10:44,1,0,Try to be better,湖南,否,https://i2.hdslb.com/bfs/face/5d27cf555c7e490ea6067658e4487b039d5ccd5e.jpg
99,262597786065,262610812081,39490170,呆胶布奶冻,6,男,曼波电子病毒吗有点意思,2025-05-24 00:46:51,0,0,及时止损,广东,是,https://i0.hdslb.com/bfs/face/0ce9e6824e3946230d81e45f0416d6a98780d60f.jpg
100,0,263591745712,238956349,墨凌Ink,6,男,太好听了孩子们,2025-05-23 16:28:18,0,0,2017年10月24日加入B站,福建,是,https://i1.hdslb.com/bfs/face/bef71d034b66521c26ba90196142f5161d02a7af.jpg
101,0,262594534161,12042365,Edmonddontess,6,男,缇宝唱的,2025-05-23 16:22:27,0,0,,福建,是,https://i2.hdslb.com/bfs/face/ee15cb351a8aad46f24a947abda7b154f6ef93aa.jpg
102,0,263589358736,350317424,切爾茜,6,保密,@l坂柳有栖l @小栗帽是小透明,2025-05-23 15:58:28,0,1,做一件事在成功之前，要保持不动声色却满心澎湃,北京,是,https://i2.hdslb.com/bfs/face/b256ddc38178ba65a755bdeab6607ce7a71fa2fa.jpg
103,0,262592050481,1167715488,睦头祥爱听海铃,5,男,@吉利十载是太美 @舟大月半 @腊味小丛雨 @折花戏伊人,2025-05-23 15:52:13,0,0,正能量,湖北,是,https://i0.hdslb.com/bfs/face/c7dd2511dec0e90cd0f17f1a7786ba2089268199.jpg
104,0,263587446768,564263421,依光Yorimitsu,6,男,@老飞宇66,2025-05-23 15:35:05,0,0,"不会吧，真的有人会看这个嘛










你好！感谢支持！！！",江苏,否,https://i0.hdslb.com/bfs/face/bead549a18f836fa02b02b941a9e6d46dec6e837.jpg
105,0,263584883328,517053748,漓之汐,5,保密,@老飞宇66,2025-05-23 15:07:29,0,0,,湖北,否,https://i1.hdslb.com/bfs/face/029a371670a0f14117a7813a372efb9298f37ddc.webp
106,0,262587956369,86182484,东方街道的猫,6,男,@神坑一号Arcade @一壶清酒话流年-,2025-05-23 15:05:07,1,0,老营销号了,山东,是,http://i2.hdslb.com/bfs/face/12b0415343e77ae79cce5fa016ad960f1fb83100.jpg
107,262587956369,262589589681,176475780,神坑一号Arcade,6,保密,还真是缇宝唱的[永雏塔菲_哈哈哈],2025-05-23 15:23:45,0,0,你是我的我是你的谁,山东,否,https://i0.hdslb.com/bfs/face/0aae08f0f0d4cda3abe662d936d2fc5d7b1e3ce5.jpg
108,0,263584328624,456281300,凌枫Acer,5,男,小时候看这集看哭了😭回来吧哈基雅，回来吧哈基堇，回来吧哈基猫，回来吧都回来吧[大哭][大哭][大哭]@comethru_plz @重力丧失,2025-05-23 15:01:33,0,3,"星穹铁道真好玩，星穹铁道鼠了
我永远爱你星穹铁道，狗屎星穹铁道驱鼠",湖南,否,https://i2.hdslb.com/bfs/face/66cf1a91aea0a51771a4e117e2a261a90b192e16.jpg
109,0,263583530864,408707407,白榆__-_-,2,女,那我问你,2025-05-23 14:52:54,0,0,爆了！,山西,否,https://i1.hdslb.com/bfs/face/b958e2b7ea7f606d50784b3cf24d2025fbd189bc.jpg
110,0,263582612336,301411220,琉雨君,6,男,@再重复个试试,2025-05-23 14:44:25,0,0,晚安,广东,是,https://i2.hdslb.com/bfs/face/8b75fb30bc76d979ef8d3479367a31b9a061b1ca.jpg
111,0,262577094897,434060983,四斤梅,6,男,@晓拂丶,2025-05-23 13:08:48,0,0,,江苏,是,https://i1.hdslb.com/bfs/face/49df815e9303abfd699b045f07318fe33a526b7e.webp
112,0,263572981168,1024938502,普普通通的白夜,5,保密,@吃遍所有BA的瓜,2025-05-23 13:02:06,0,0,签名被某人吃了，坤肉味，嘎嘣脆。,四川,是,https://i1.hdslb.com/bfs/face/e7a66ce91084ddbe6624d1216369e607e9563981.jpg
113,0,263572835040,24255505,AAA创世种业白总,6,保密,太好听了孩子们,2025-05-23 13:02:02,9,290,品赛博水浒，上电子梁山,湖北,是,https://i1.hdslb.com/bfs/face/0b0fcf50f0ded6a9f5977d3abab14d0f290ceb57.jpg
114,263572835040,262593031169,643679652,骑老太太溜鬼一分钟,5,女,臭小子黑厄还我猫😡,2025-05-23 16:03:49,0,36,第一第二第三第四忘了，第五人格启动！,山东,否,https://i0.hdslb.com/bfs/face/41148913e2ac68f51b3ae9ce00f654bee99777b7.jpg
115,263572835040,263598043200,1051813702,fc芙芙,5,保密,抽象派这块,2025-05-23 18:20:50,0,5,,江苏,否,https://i1.hdslb.com/bfs/face/d9a9251099a4da27c07a14a8a7ca9502084ef586.jpg
116,263572835040,263598944080,628497215,小米兔一号,5,保密,盗罐行者,2025-05-23 18:49:11,0,36,琪亚娜世界第一可爱,安徽,否,https://i2.hdslb.com/bfs/face/3e0a1ec309477bfb991f417c54b0d706243e7d01.jpg
117,263572835040,262605364753,3493106842339385,于七七开始,4,保密,发现了一个巨大的秘密，我必须承认这个想法出现的时候给我带来的巨大震惊。盗火行者其实就是幽影吧！！！[歪嘴],2025-05-23 21:53:37,0,32,,安徽,是,https://i2.hdslb.com/bfs/face/795edb1f28b6b2692ca26fb675d6a45d2969467c.jpg
118,263572835040,263612880096,1346323104,大耳狐提纳里,5,男,谁家幽影,2025-05-24 02:04:00,0,4,,北京,否,https://i0.hdslb.com/bfs/face/92958fb0ec2061237c93f99c7a3f4e973903921b.jpg
119,263572835040,262619618801,22674586,大黑塔小黑塔,6,男,这配色是omen啊[笑哭],2025-05-24 03:04:06,0,0,什么游戏都玩 另外是小黑塔厨并非大黑塔（,北京,是,https://i1.hdslb.com/bfs/face/e12542b9cf451c4ebb88619472ce716850dd8eeb.jpg
120,263572835040,262629849297,565670366,画亿个圈,5,保密,盗罐这一块,2025-05-24 05:02:35,0,5,人的本质是一切社会关系的总和,山东,否,https://i2.hdslb.com/bfs/face/b9cafa9ff7657660c94540d856e8f83feeb3ff4d.webp
121,263572835040,262658041665,357400264,关闭了我亲爱的小耗子,6,保密,这不是我们欧门嘛，下次请表明出处,2025-05-24 11:04:19,0,0,,日本,否,https://i1.hdslb.com/bfs/face/7d575f0f717a956852ba23ae218ff06999ecc24c.jpg
122,263572835040,263662050160,470210844,伊法爱玩龙,6,保密,这不纯幽影,2025-05-24 12:03:41,0,0,嘿嘿嘿,江苏,是,https://i0.hdslb.com/bfs/face/347031846425b64c0d421e634e3e796c8ee5d440.jpg
123,0,263570843024,262016134,蒸爱困,5,男,牛逼的神经,2025-05-23 12:39:52,0,0,女拳，无脑爱狗猫人士，同性恋，片姐，擦片电子鸡。来一个我骂一个,广东,否,https://i1.hdslb.com/bfs/face/c3232c258512c0a4ed537f3420d2e1f29b55af4b.webp
124,0,262573496209,310643166,半夏の言葉,6,保密,好快的哈,2025-05-23 12:29:01,0,0,游戏日常分享，mc csgo ……,湖北,是,https://i0.hdslb.com/bfs/face/dfec5f0309c18e59a3355d3ab90321652f60deb6.jpg
125,0,262573341809,1482199976,王八缩头,5,保密,有一种明着面把我的巧克力偷换狗屎的感觉,2025-05-23 12:28:25,0,1,,浙江,否,https://i2.hdslb.com/bfs/face/769ae58ce2ae32d72cafc844294406b747f2b705.jpg
126,0,262573035393,1199131062,被香蕉模因感染力,5,保密,@奶奶不想睡大街 神人,2025-05-23 12:24:22,1,0,米氏五游都有涉猎，以肝道成仙（当前修为:猝死境中期）,山东,否,https://i0.hdslb.com/bfs/face/00d466fb7abd85f677b925be54dd097823fbc9e3.jpg
127,262573035393,263576430784,3493276118158012,奶奶不想睡大街,4,保密,神人,2025-05-23 13:40:32,0,1,诶嘿,湖南,否,https://i1.hdslb.com/bfs/face/e60344c147a001603565ed19cb5036493d96867e.jpg
128,0,263568920528,346631924,Sydowlle,6,保密,byd你竟然是安大杰出校友,2025-05-23 12:19:18,0,0, ,安徽,是,https://i2.hdslb.com/bfs/face/93b8f6e3a905305c4fe7c33bbc2e4dd9ec7992e6.jpg
129,0,263565833328,457211422,木有名233,5,保密,@老飞宇66,2025-05-23 11:45:42,0,0,,上海,是,https://i1.hdslb.com/bfs/face/62b238da8e2b14fe67689ab8653e46bc4f448d12.jpg
130,0,263563749568,627632248,根euk,5,男,@白仙爱肘击 @好人汪大师 @1头野驴 @是樱不是花 @思念已变形 @我有一把锉刀 @权律十一 @撸sir的狮子之牙 @かつキ @璃夏的小钱包,2025-05-23 11:22:26,10,4,,湖南,否,https://i1.hdslb.com/bfs/face/d41c09ebb0586f4e94e0045e44eda6a2032fa7fa.jpg
131,263563749568,263563755872,627632248,根euk,5,男,@关于市场的所有讨论 @闻枝墨 @指人猫之王 @Action远方 @鹤野悬芥 @萌城枫尘lemon @如沐春风er @撸sir切割君 @是夏目哦啾咪 @爱丽丝要努力飞起来,2025-05-23 11:22:39,0,0,,湖南,否,https://i1.hdslb.com/bfs/face/d41c09ebb0586f4e94e0045e44eda6a2032fa7fa.jpg
132,263563749568,263563819808,627632248,根euk,5,男,@杨修ruarua @撸sir影分身君 @画中江山是你 @撸sir刚子君,2025-05-23 11:23:13,0,0,,湖南,否,https://i1.hdslb.com/bfs/face/d41c09ebb0586f4e94e0045e44eda6a2032fa7fa.jpg
133,263563749568,262567757777,313592669,撸sir的狮子之牙,5,男,大b根,2025-05-23 11:24:48,0,2,,河北,否,https://i2.hdslb.com/bfs/face/25212964f438751c67cbce749f7cbda5a15f6e36.jpg
134,263563749568,262568437185,129125886,思念已变形,6,女,诶呀穹p,2025-05-23 11:31:04,0,2,没救的国,河南,否,https://i0.hdslb.com/bfs/face/ad5b6260286224d2c8e78645eaf5a0ddad3ad14e.jpg
135,263563749568,262570769329,3546783149983981,撸sir影分身君,3,保密,[傲娇]哈气了,2025-05-23 11:59:15,0,2,,江苏,否,https://i1.hdslb.com/bfs/face/12b377ccb90bb7b8e82a135e0eaff97290dc191e.jpg
136,263563749568,263572100592,385447727,白仙爱肘击,6,男,杨修就喜欢看这个说是,2025-05-23 12:52:55,0,1,,山东,否,https://i2.hdslb.com/bfs/face/1d90b8d896074b557823794a9d79639b29e06c90.jpg
137,263563749568,262578239681,355089569,かつキ,5,保密,你看你糖的,2025-05-23 13:23:06,0,1,,江西,否,https://i2.hdslb.com/bfs/face/a387bf22700d5f20451ad90c19d1469bec0b2d4f.jpg
138,263563749568,262578469089,1901827858,1头野驴,5,保密,b根[傲娇],2025-05-23 13:25:31,0,1,,浙江,否,https://i1.hdslb.com/bfs/face/5cecc2bc2efde6da8b0ac6f50476295d24b21e25.jpg
139,263563749568,262589045137,227464053,权律十一,5,男,快帮我过主线咕咕嘎嘎,2025-05-23 15:15:54,0,0,໒(⊙ᴗ⊙)७✎▤,安徽,否,https://i0.hdslb.com/bfs/face/6fecf8553cbdecdb96e5dc55531ddd98ce9d7e60.jpg
140,263563749568,262589061777,227464053,权律十一,5,男,https://b23.tv/BV1j9JHzsEBy,2025-05-23 15:16:29,0,0,໒(⊙ᴗ⊙)७✎▤,安徽,否,https://i0.hdslb.com/bfs/face/6fecf8553cbdecdb96e5dc55531ddd98ce9d7e60.jpg
141,0,263562706384,3546791440025730,小小的竹洛尘,3,男,@往生堂堂组书记,2025-05-23 11:11:59,2,0,,浙江,否,https://i0.hdslb.com/bfs/face/48486a54a40f92eca06d9fc41b3724e45492bff7.jpg
142,263562706384,262568407681,3493292115232972,往生堂堂组书记,5,保密,那咩鲁多出来那一刻的救赎感[doge_金箍],2025-05-23 11:30:03,0,0,,山东,是,https://i1.hdslb.com/bfs/face/35759d5f98ff2e19c4830dad3a2c2c89bef31e6a.jpg
143,262568407681,263675143712,3546791440025730,小小的竹洛尘,3,男,回复 @往生堂堂组书记 :[嗑瓜子][嗑瓜子][嗑瓜子],2025-05-24 14:24:07,0,0,,浙江,否,https://i0.hdslb.com/bfs/face/48486a54a40f92eca06d9fc41b3724e45492bff7.jpg
144,0,262566184433,3546556334606758,史蒂芬-奥德修斯,3,保密,感谢缇里西庇俄丝女士倾情献唱,2025-05-23 11:05:34,0,1,不定期更新音游，手游视频,重庆,否,https://i1.hdslb.com/bfs/face/cf957fcd2942256edf70f856343267a115384050.jpg
145,0,262564871329,3493269115767480,不论是,5,保密,公式做题就是快,2025-05-23 10:52:24,0,0,,福建,否,https://i0.hdslb.com/bfs/face/06adfabd8a2e5e4a1818f0883287ab420cdd9703.jpg
146,0,262564705329,156875898,ping10272376,2,保密,[汤圆],2025-05-23 10:50:11,0,0,,江西,否,https://i0.hdslb.com/bfs/face/72eafc4a69ab8c7f15d7a59132d9ef53e7e71702.jpg
147,0,263559020944,354572228,路陌同途,5,保密,@老飞宇66,2025-05-23 10:31:46,0,0,,江苏,否,https://i2.hdslb.com/bfs/face/f5f1d6fe07b8f199877bc5a466246d068fedb6cd.jpg
148,0,262559555697,2047472570,伏尸王结城友奈,6,保密,完整版明天来,2025-05-23 09:53:17,27,295,诈尸了,重庆,是,https://i2.hdslb.com/bfs/face/1e7cdc8db138256ee515f5ad76cd925eb82d4db4.jpg
149,262559555697,262559590001,434986552,轮椅奶奶茜特菈莉,6,保密,快端上来吧，曼波瘾犯了[鸡腿],2025-05-23 09:54:28,0,6,,辽宁,是,https://i1.hdslb.com/bfs/face/cf7beea7cfd504bda292c988169a010011ae79b2.jpg
150,262559555697,262559990609,2047472570,伏尸王结城友奈,6,保密,溜大了已经，最满意的一作[呲牙][呲牙][呲牙],2025-05-23 09:58:18,0,29,诈尸了,重庆,是,https://i2.hdslb.com/bfs/face/1e7cdc8db138256ee515f5ad76cd925eb82d4db4.jpg
151,262559555697,263558803488,3494366528145719,忆昔布朗尼,4,保密,大作坊下料就是狠,2025-05-23 10:29:17,0,3,雀芙萤蝶鸭厨,上海,是,https://i2.hdslb.com/bfs/face/3f88a4d26ea126ec9a897684cf2d5fa9748e43dd.jpg
152,262559555697,262563055409,3546889207155298,是阮梅不是软妹,2,保密,急急急[傲娇],2025-05-23 10:31:29,0,1,,上海,否,https://i1.hdslb.com/bfs/face/7c837226977af3ed69d3a83a776be69ac9c67360.jpg
153,262559555697,263560562208,432332032,暴稽呐,5,男,明天见,2025-05-23 10:47:27,0,1,,广东,否,https://i1.hdslb.com/bfs/face/9a9ae5883fc8dc6bed2e3274d2548c77917511fa.jpg
154,262559990609,263563931504,93924004,锤子形态小炮,6,男,回复 @伏尸王结城友奈 :对你很失望,2025-05-23 11:23:11,0,0,鬼脚无影七，轰天裂地罗三炮,河北,否,https://i1.hdslb.com/bfs/face/6cca61cb2f44aaf252e9905466c9f451c4771cf6.jpg
155,263563931504,262567853969,2047472570,伏尸王结城友奈,6,保密,回复 @锤子形态小炮 :都还没发呢你失望什么[汤圆],2025-05-23 11:24:49,0,0,诈尸了,重庆,是,https://i2.hdslb.com/bfs/face/1e7cdc8db138256ee515f5ad76cd925eb82d4db4.jpg
156,262567853969,263565714944,1469165735,谜底是刺猬,5,男,回复 @伏尸王结城友奈 :叠我求你了,2025-05-23 11:43:24,0,0,如今再度变得温顺了,北京,是,https://i2.hdslb.com/bfs/face/22863c3f84babc660e863c31cd2b8ac14d07f544.jpg
157,262559555697,263573008928,1024938502,普普通通的白夜,5,保密,up up 更了赞我一下,2025-05-23 13:02:54,0,1,签名被某人吃了，坤肉味，嘎嘣脆。,四川,是,https://i1.hdslb.com/bfs/face/e7a66ce91084ddbe6624d1216369e607e9563981.jpg
158,263573008928,263572932592,1024938502,普普通通的白夜,5,保密,回复 @普普通通的白夜 :给三连了,2025-05-23 13:03:14,0,0,签名被某人吃了，坤肉味，嘎嘣脆。,四川,是,https://i1.hdslb.com/bfs/face/e7a66ce91084ddbe6624d1216369e607e9563981.jpg
159,263573008928,262580881777,2047472570,伏尸王结城友奈,6,保密,回复 @普普通通的白夜 :好,2025-05-23 13:50:01,0,0,诈尸了,重庆,是,https://i2.hdslb.com/bfs/face/1e7cdc8db138256ee515f5ad76cd925eb82d4db4.jpg
160,262559555697,262581673681,405860750,可爱小哈姆,4,保密,大大田,2025-05-23 13:59:59,0,0,,贵州,否,https://i2.hdslb.com/bfs/face/9c4460adf670e3b6e97e07124bed2fdeb1ab98ed.jpg
161,262559555697,262595347345,438984050,一只小九日,6,男,cy,2025-05-23 16:33:33,0,0,,河南,否,https://i2.hdslb.com/bfs/face/04df7d267353050cc4fe41ec0cfd8f5d3480854e.jpg
162,262580881777,263632048944,8448049,从不投币只点赞,6,男,回复 @伏尸王结城友奈 :好了吗好了吗，忍不住了🥵,2025-05-24 05:54:39,0,0,接原神代肝,广东,否,https://i1.hdslb.com/bfs/face/287e17dd28786b67790eccc56b637745da5d52dd.jpg
163,262559555697,263634891744,3537105435233138,碎镜无我,4,男,快端上来啊！我将用你的音频做视频！[doge_金箍],2025-05-24 06:31:19,0,0,崩五双修，精神状态领先一万年！（高产（？）,辽宁,否,https://i2.hdslb.com/bfs/face/5558e263282f978ec00387ff704cf129e19e43aa.jpg
164,262559555697,262637462097,520305866,随称11,5,保密,急急急,2025-05-24 06:40:39,0,0,,福建,是,https://i2.hdslb.com/bfs/face/3a9a4c0a72b6b5e808a54a00b7893f5901b52226.jpg
165,263634891744,262638415377,2047472570,伏尸王结城友奈,6,保密,回复 @碎镜无我 :下午五点,2025-05-24 06:55:16,0,1,诈尸了,重庆,是,https://i2.hdslb.com/bfs/face/1e7cdc8db138256ee515f5ad76cd925eb82d4db4.jpg
166,262638415377,263636693856,3537105435233138,碎镜无我,4,男,回复 @伏尸王结城友奈 :嚎,2025-05-24 06:55:51,0,0,崩五双修，精神状态领先一万年！（高产（？）,辽宁,否,https://i2.hdslb.com/bfs/face/5558e263282f978ec00387ff704cf129e19e43aa.jpg
167,262638415377,263640095968,351399441,风神派蒙,6,保密,回复 @伏尸王结城友奈 : 我是扎格列斯，其实四点就能发了，对吧对吧,2025-05-24 07:43:37,0,0,你得是有多闲才能看到这个东西,北京,否,http://i0.hdslb.com/bfs/face/77e78d7abc63ea49c9382ece4c301afc7f2bb0bd.jpg
168,263640095968,262642422673,2047472570,伏尸王结城友奈,6,保密,回复 @风神派蒙 :赫赫盒我不会信你的，你的诡计已经被我识破了,2025-05-24 07:51:20,0,1,诈尸了,重庆,是,https://i2.hdslb.com/bfs/face/1e7cdc8db138256ee515f5ad76cd925eb82d4db4.jpg
169,262559555697,262645917137,25418875,千夜xxy,6,男,快点端上来吧，上瘾了,2025-05-24 08:41:28,0,0,,广东,否,https://i1.hdslb.com/bfs/face/c6b439f170d4e9c48640e045320a2572804a21e8.jpg
170,262645917137,262647321201,2047472570,伏尸王结城友奈,6,保密,回复 @千夜xxy :发了,2025-05-24 08:59:12,0,0,诈尸了,重庆,是,https://i2.hdslb.com/bfs/face/1e7cdc8db138256ee515f5ad76cd925eb82d4db4.jpg
171,262647321201,262647917137,25418875,千夜xxy,6,男,回复 @伏尸王结城友奈 :耗吃,2025-05-24 09:08:05,0,0,,广东,否,https://i1.hdslb.com/bfs/face/c6b439f170d4e9c48640e045320a2572804a21e8.jpg
172,262637462097,262648202961,2047472570,伏尸王结城友奈,6,保密,回复 @随称11 :已发,2025-05-24 09:10:21,0,0,诈尸了,重庆,是,https://i2.hdslb.com/bfs/face/1e7cdc8db138256ee515f5ad76cd925eb82d4db4.jpg
173,263634891744,262648071921,2047472570,伏尸王结城友奈,6,保密,回复 @碎镜无我 :已发,2025-05-24 09:10:25,0,1,诈尸了,重庆,是,https://i2.hdslb.com/bfs/face/1e7cdc8db138256ee515f5ad76cd925eb82d4db4.jpg
174,263573008928,262648220497,2047472570,伏尸王结城友奈,6,保密,回复 @普普通通的白夜 :发了,2025-05-24 09:10:57,0,0,诈尸了,重庆,是,https://i2.hdslb.com/bfs/face/1e7cdc8db138256ee515f5ad76cd925eb82d4db4.jpg
175,262648202961,262651188689,520305866,随称11,5,保密,回复 @伏尸王结城友奈 :来了,2025-05-24 09:48:05,0,0,,福建,是,https://i2.hdslb.com/bfs/face/3a9a4c0a72b6b5e808a54a00b7893f5901b52226.jpg
176,0,263555026864,172335410,隔壁培养皿,6,保密,@心碎薄荷 @万物皆可快乐 @Falwlecs,2025-05-23 09:48:30,0,3,24,四川,否,https://i2.hdslb.com/bfs/face/1c974270e0af0600bf98cadcdbdbfe255de1a400.jpg
177,0,262559207841,347431469,溯从之,6,保密,@五字白谨之,2025-05-23 09:47:50,0,0,,广东,是,https://i2.hdslb.com/bfs/face/d26317f6b288772c5d2e06e773d44c1ad82d905a.jpg
178,0,262558780417,75855674,墨白三月一江秋,5,保密,我是，终将隆起的脊背！！！[生气],2025-05-23 09:44:14,0,0,菜,安徽,是,https://i2.hdslb.com/bfs/face/4878278fdae7caa83aab49f64e319937abc531c3.jpg
179,0,263554195776,1942615230,节日快乐乐,6,男,@千雪風,2025-05-23 09:38:46,0,0,玉玉了,山东,否,https://i0.hdslb.com/bfs/face/ed650a5381c41df2c9df5e861ea877fbcc67b627.jpg
180,0,262557570913,1766686867,天铭sama,5,保密,@平安医院精神科李医生,2025-05-23 09:27:17,1,0,人之初性本善?,山东,是,https://i1.hdslb.com/bfs/face/07fd7a6befb6b64e86f9633bffdcbab2c7843a0d.jpg
181,262557570913,262558139649,442671170,平安医院精神科李医生,5,男,帕朵菲莉丝要爱，赛飞儿要爱，迪奥娜更是要爱[Mygo表情包_探头],2025-05-23 09:36:00,0,0,蛋炒饭,浙江,否,https://i2.hdslb.com/bfs/face/dd222f77297a3ccd07dd964e5f2a111e7b1e62fc.jpg
182,0,262555391457,694032770,沙琪玛拉妮,5,保密,虐猫区你们赢了,2025-05-23 08:58:08,0,0,谢谢你来我的主页看一眼，爱你,河北,是,https://i2.hdslb.com/bfs/face/a6ae37a0a6fbfda345b6262ca0bee9dd0b7e25b4.jpg
183,0,263550800640,660955138,绳网用户21013,5,男,@拾驾- 哈吉拂晓说是,2025-05-23 08:53:20,0,1,,吉林,否,https://i1.hdslb.com/bfs/face/2fab5c8edc6519e6d30565754e145d3169eb6724.jpg
184,0,262555057201,435522192,是梦玄呀,6,男,@Teio0000,2025-05-23 08:53:00,0,1,黄鼠狼之父,黑龙江,是,https://i0.hdslb.com/bfs/face/f469ae091282ade02d1a59baa3dac3be027c8508.jpg
185,0,263549894672,496634435,穗满梨萤,5,保密,@飞笔似惊鸿 @静待双希临门 @无心晨之殇 @水光良 @梦开始和结束的世界 @圆宝单推人 @爱莉今天吃什么 @想娶棗伊吕波的sensei,2025-05-23 08:42:23,0,0,偶尔,广东,是,https://i2.hdslb.com/bfs/face/2923141b1e5ea92f35609160b1b1a9fc686204c9.webp
186,0,262553594449,383734357,云岿山宗师仪玄,5,保密,有一种在宾馆偶遇昨天分手女朋友的感觉[热],2025-05-23 08:32:40,0,2,,山东,否,https://i1.hdslb.com/bfs/face/21d75c416bd969cd147a1b58dab3287921dff103.jpg
187,0,262551903473,620357462,打断你的腿,5,保密,up主，我有一记，把彩虹猫之歌和哈基米结合怎么样？[doge],2025-05-23 08:06:50,3,15,,江苏,是,https://i0.hdslb.com/bfs/face/member/noface.jpg
188,262551903473,262552646609,2047472570,伏尸王结城友奈,6,保密,有人做了已经,2025-05-23 08:15:34,0,0,诈尸了,重庆,是,https://i2.hdslb.com/bfs/face/1e7cdc8db138256ee515f5ad76cd925eb82d4db4.jpg
189,262551903473,262552812113,620357462,打断你的腿,5,保密,？我怎么没搜到？只看到泰拉瑞亚哈基米之刃,2025-05-23 08:19:12,0,0,,江苏,是,https://i0.hdslb.com/bfs/face/member/noface.jpg
190,262551903473,262554658673,2047472570,伏尸王结城友奈,6,保密,哦好像还真没人做过，我改天试一下吧,2025-05-23 08:47:27,0,1,诈尸了,重庆,是,https://i2.hdslb.com/bfs/face/1e7cdc8db138256ee515f5ad76cd925eb82d4db4.jpg
191,0,263547517568,10959016,暴力紫罗兰,6,男,对于母语不是英语的听众而言，哈基米和英文在内容上的听感其实也没有啥区别[OK],2025-05-23 08:06:19,0,1,在0.11和0.8比大小都不能达成共识的版本里，最不伤身的办法就是：唯有沉默,江西,是,https://i1.hdslb.com/bfs/face/ac1cd1dd13e9d9a1a3fdd32834904a0d312c50bc.jpg
192,0,262551819233,430214687,一个只会追番的人,5,保密,@蓝凧-天丛云,2025-05-23 08:03:34,0,0,,云南,是,https://i2.hdslb.com/bfs/face/2f2e0980450ffed06b3015721f62b2374f4576ca.webp
193,0,262551711137,299653768,奈格里鸢尾,5,男,@伊织雪乃,2025-05-23 08:02:19,0,0,想要变成鹰的鱼,黑龙江,否,https://i1.hdslb.com/bfs/face/dbdcab4c5897777ee969846e3c4341752bf449a2.jpg
194,0,263546773904,3546606638992245,燃尽的天火,4,保密,这下崩坏穷铁了,2025-05-23 07:55:07,0,0,"前IT从业者
会计师
健身教练",吉林,否,https://i0.hdslb.com/bfs/face/0fa2aeba1356707f322c6de1ea34b31cb82034de.jpg
195,0,263546816672,673653435,万宝路与自然选择,5,男,@阿极家的吸尘器 无敌了,2025-05-23 07:54:04,0,0,,浙江,是,https://i0.hdslb.com/bfs/face/a2cafe3265f486bdff5b70a3dbad3f09d19489f1.jpg
196,0,262551040865,676518599,网终于不卡了,5,保密,最震撼的一集,2025-05-23 07:49:46,0,0,什么都发,黑龙江,是,https://i2.hdslb.com/bfs/face/8cf459eddff0c6cfd88da6bdeea0f5a6167b2379.jpg
197,0,263545712560,1938791107,风屿六月_KZS,4,保密,为什么是佛晓不是哈佛[doge_金箍],2025-05-23 07:37:31,0,0,真是盖伦出轻语——沉默又破防。,广西,否,https://i1.hdslb.com/bfs/face/4cb474838c5373e7235c6962475fae1e2f20ca25.jpg
198,0,262550021729,454252754,凰鸣羽,5,保密,@茕月佐诗丷,2025-05-23 07:33:55,0,0,,江苏,否,https://i2.hdslb.com/bfs/face/3000b5757ee8d94d9bcba711953d0bf870fb8224.jpg
199,0,263544930912,524684609,草神ナヒーダ,5,男,神速啊,2025-05-23 07:25:12,0,0,挚爱幼态审美，从我做起(⑉°з°),山东,否,https://i2.hdslb.com/bfs/face/a6f7cc1a7ea7c17072296f0f64197535a9e3b36d.jpg
200,0,262549395841,153847797,雨天重逢,6,保密,别给我哈基米唱死了[大哭],2025-05-23 07:24:57,0,0,锤子,江苏,否,https://i0.hdslb.com/bfs/face/38a9ce676074dc5696895ce8403b24c372ea427e.webp
201,0,263544711072,177771019,希儿超阔爱,6,男,@余--人,2025-05-23 07:22:33,0,1,希儿阔爱咧,安徽,否,https://i1.hdslb.com/bfs/face/123c196b46e60b672617cfa7c3f0702cd685751d.jpg
202,0,262549008513,3546651421575879,记忆之星神-浮黎,4,男,@Natural梦安,2025-05-23 07:19:20,0,0,,山东,否,https://i0.hdslb.com/bfs/face/acf3a39c360644e73fa73c00159f7dc415665412.jpg
203,0,262548759713,3494357323745461,元不冷,4,保密,@吹尽夏夜晚风,2025-05-23 07:14:49,0,0,,江苏,是,https://i1.hdslb.com/bfs/face/0a8cfa7ea18613599c243c28ec5ead2f73d01409.jpg
204,0,263542511392,1707344533,散人只想摸鱼a,5,男,@逐远空云,2025-05-23 06:46:03,0,1,世事岂能如意，但求无愧于心,湖北,否,https://i1.hdslb.com/bfs/face/12d5b67f3dd03428c211e39aebfd67f90199f174.jpg
205,0,262547130897,1977724886,SaKioooo,4,保密,？这么快,2025-05-23 06:46:02,0,1,你好我是神里绫人芙宁娜白厄的狗,福建,否,https://i2.hdslb.com/bfs/face/41ccbb2ab7adcdaaf9dd21c57b58f8b25c2d4a9d.jpg
206,0,262546913409,359082053,_K_A_,6,男,什么时候做《野火》哈基米[汤圆],2025-05-23 06:42:31,0,0,我寄吧谁啊,福建,否,https://i2.hdslb.com/bfs/face/c1a67f896d76808fa2ff5161c971e7809a4172f2.jpg
207,0,263541556944,433890747,归鹭_,5,男,@diiii蒂 [笑哭][笑哭],2025-05-23 06:31:29,1,0,啊呀。,黑龙江,是,https://i0.hdslb.com/bfs/face/9111c30842308704fa11e26d8b9b245b3dee93cf.jpg
208,263541556944,263543043504,265027466,diiii蒂,5,男,你要 jv 干嘛😡,2025-05-23 06:53:31,0,0,啦啦啦٩(๑•̀ω•́๑)۶,湖北,否,https://i2.hdslb.com/bfs/face/a80b9f854fa5c127fb4f5068e920d18a5ca3bd95.jpg
209,0,263540665792,45461435,佾凌泽,6,保密,太好听了吧（,2025-05-23 06:16:54,8,180,和生活对线中。（佾→念“yÌ”）,江苏,否,https://i2.hdslb.com/bfs/face/d13850d2c5fd61b49d136c43e498af52894769e6.jpg
210,263540665792,263541672272,181835611,-Zero-Eclipse-,6,男,看到这图没绷住,2025-05-23 06:34:33,0,8,"Inherit the nightmare, surrounded by fate
Can't run away
",福建,否,https://i1.hdslb.com/bfs/face/399c4459663d47662e29260fde0af7a721b06efc.jpg
211,263540665792,263545334656,71809445,RFove,5,男,盗罐行者对吗[笑哭],2025-05-23 07:32:20,0,27,这个人很神秘，装作自己什么都没有写的亚子,北京,否,https://i2.hdslb.com/bfs/face/fb79103e8b33547023e2010030b6889bba2b49bf.jpg
212,263540665792,263688775984,499535435,好耶是流萤酱,5,男,略猫行者你赢了😭,2025-05-24 17:03:45,0,19,,河北,否,https://i2.hdslb.com/bfs/face/870da3636ed61d37abe6c3d001db880a03fc5b58.jpg
213,263540665792,262736385345,545980479,盗罐难藏泪,5,保密,哈气行者,2025-05-25 08:04:44,0,4,,福建,否,https://i0.hdslb.com/bfs/face/bba2abe078ada1b0ac81fdf5478b1d50783f8291.jpg
214,263545334656,263842209600,45461435,佾凌泽,6,保密,回复 @RFove :对的对的。[doge],2025-05-26 11:42:54,0,0,和生活对线中。（佾→念“yÌ”）,江苏,否,https://i2.hdslb.com/bfs/face/d13850d2c5fd61b49d136c43e498af52894769e6.jpg
215,263688775984,263842219232,45461435,佾凌泽,6,保密,回复 @好耶是流萤酱 :致敬传奇略猫ip（,2025-05-26 11:43:10,0,1,和生活对线中。（佾→念“yÌ”）,江苏,否,https://i2.hdslb.com/bfs/face/d13850d2c5fd61b49d136c43e498af52894769e6.jpg
216,262736385345,263842299312,45461435,佾凌泽,6,保密,回复 @盗罐难藏泪 :盗罐行者哈气了。[doge],2025-05-26 11:43:27,0,0,和生活对线中。（佾→念“yÌ”）,江苏,否,https://i2.hdslb.com/bfs/face/d13850d2c5fd61b49d136c43e498af52894769e6.jpg
217,263541672272,263842302128,45461435,佾凌泽,6,保密,回复 @-Zero-Eclipse- :可爱捏（,2025-05-26 11:43:32,0,0,和生活对线中。（佾→念“yÌ”）,江苏,否,https://i2.hdslb.com/bfs/face/d13850d2c5fd61b49d136c43e498af52894769e6.jpg
218,0,263540535824,43745539,格拉默老兵_,6,男,@残昀 @樱唔衹所爱 @烟雨茗琴 @霞散ing [笑哭],2025-05-23 06:14:42,1,0,这个人很帅，什么都没有留下。,浙江,否,https://i1.hdslb.com/bfs/face/37702f3a46b637b6729f4e3a69dc4deb38e0f895.webp
219,263540535824,262549790689,249593176,樱唔衹所爱,6,保密,你大爷的,2025-05-23 07:30:13,0,0,故事总有结局，但它留下来的记忆和感情却不会消失！,上海,是,https://i1.hdslb.com/bfs/face/1d8bab8d57492c7bce45fe891efca41d7fd509ea.jpg
220,0,262545290321,486037278,--忆-寒-,5,保密,@老飞宇66 这里有新的哈基米,2025-05-23 06:14:37,0,0,,北京,否,https://i0.hdslb.com/bfs/face/bcebcc323ec3e7ee42580cafbfc61a1287fa3680.jpg
221,0,262545112417,1625762672,没变旅程,5,保密,此哈基米并非哈基咪，因此我将创造这个只有哈基咪的世界！！！,2025-05-23 06:13:47,0,0,何以解忧？唯有杜康，杜康何处，何以解答,重庆,是,https://i2.hdslb.com/bfs/face/b07f8cd118403370817c607603d0b1995a3f8b80.jpg
222,0,263540428640,366002041,芦苇鲲,6,男,@林千刃,2025-05-23 06:13:07,0,1,。,广东,否,https://i1.hdslb.com/bfs/face/a32ee46174e85e05cb59351bae1cc2344a3b88b3.jpg
223,0,262544770129,25418875,千夜xxy,6,男,什么时候出完整版,2025-05-23 06:07:57,0,0,,广东,否,https://i1.hdslb.com/bfs/face/c6b439f170d4e9c48640e045320a2572804a21e8.jpg
224,0,263539686768,500558000,゚゚゚゚゚゚科゚比,5,保密,@白_流苏,2025-05-23 05:59:28,0,0,,陕西,是,https://i2.hdslb.com/bfs/face/1c07558d89b0dfc5c6b3834678f4479f72899fc7.jpg
225,0,262543804625,3461580689771453,神奇的六个钢蹦,5,保密,@阿七是我啦,2025-05-23 05:50:19,0,0,,江苏,否,https://i2.hdslb.com/bfs/face/9e7dd733c221a1fd984d00beb767b0b6214a9e1c.jpg
226,0,263538306944,3546766502791214,星祈__,4,保密,豪庭,2025-05-23 05:42:03,0,0,"致力于挖掘和宣传味真族文化这一块
良子大锅菜，任丘美食最带派
吃肉不吃蒜，大娘力道少一半
",浙江,否,https://i2.hdslb.com/bfs/face/4f3971692c03cab8c026e77bfc6f042eb7283831.jpg
227,0,262543289201,455725359,_曼波_,5,女,@欢愉星神阿哈 主人这边请,2025-05-23 05:41:52,0,0,你点进来的那一刻已经被我的意念力亲一口了，mua～不许躲,广西,否,https://i0.hdslb.com/bfs/face/70fd42b3619072c7b658bfe927a5bcbfe6053423.jpg
228,0,263536875712,28956237,涯角望火,6,男,吃大份去吧[笑哭],2025-05-23 05:20:42,0,0,争取去做一个正直的好青年 (滑稽),江苏,否,http://i0.hdslb.com/bfs/face/394136e47fe1c0736722660d4a78eff73b2b2f40.jpg
229,0,263536733600,691236434,洛水不染尘,5,保密,@叮铃哐啷蛋卷工坊坊主 @噼里啪啦伏尼契商会长 @新世社畜,2025-05-23 05:17:09,1,0,,安徽,否,https://i2.hdslb.com/bfs/face/97bf45e63e1dbdafd0c17fa44ab37099f2a1edc9.jpg
230,263536733600,263549344096,223330543,叮铃哐啷蛋卷工坊坊主,5,男,[微笑],2025-05-23 08:34:03,0,0,,安徽,否,https://i1.hdslb.com/bfs/face/583faa98275bb72533b715513fa53150a8428b11.jpg
231,0,263536303776,3494349956450926,大号饼干片,4,保密,@米哈游法务部,2025-05-23 05:13:06,0,0,,广东,否,https://i1.hdslb.com/bfs/face/b8a29598c2e2b56b0194121b345b068cd86937bb.jpg
232,0,262541128369,1799558392,想做哥哥垂直,5,保密,神id,2025-05-23 05:12:21,0,2,,甘肃,否,https://i1.hdslb.com/bfs/face/c31800e2ce89f75b028c9d6df4b1efab5b1b1bd5.jpg
233,0,262540555745,475301579,记性差的小康,5,保密,米哈游[笑哭],2025-05-23 05:06:06,0,3,记性太差让我接连失利，后悔莫及,山东,否,https://i2.hdslb.com/bfs/face/75040e11411a8cbadb12792fd3f57a5cc3addfa2.jpg
234,0,263535437088,431348424,健身房主无铭,5,男,已经能想到两天后完整版出来后的碾压之势了[笑哭],2025-05-23 05:03:57,0,0,我清楚地知道人与人的路都是不可复制的。我走在我自己的人生路上，哪怕路途的风雨再大，大到我步履维艰。我也仍旧痴痴笑笑，我体会此中滋味,河南,否,https://i0.hdslb.com/bfs/face/58b60f63d63a669130499b6cf1493ad87a9d1c9d.jpg
235,0,263535317088,391422924,拉克希尔仪式胜负已粉,6,保密,@老飞宇66 [脱单doge],2025-05-23 05:01:04,0,0,前排出售西湖湖底坐票,黑龙江,否,https://i0.hdslb.com/bfs/face/eb77567f2e3586a2db312d77d5d8d0f8ae6cf641.jpg
236,0,263535217456,667543130,イバラキ先生,5,男,@凑-狗,2025-05-23 04:58:58,0,0,……,重庆,是,https://i2.hdslb.com/bfs/face/8eb4e2f862a118e70fa04c3d1409e723fd212e74.jpg
237,0,262540018913,1839616683,qian慕,5,保密,家里要请哈基高了,2025-05-23 04:58:18,0,0,,安徽,否,https://i0.hdslb.com/bfs/face/ced5f328f1e96c70f0af6b10f0db80c1823aca72.jpg
238,0,262539844657,470772696,未晓明日伊泽塔,6,保密,好快,2025-05-23 04:55:35,0,0,"沉浸安宝的温柔乡里无法自拔
",湖南,是,https://i0.hdslb.com/bfs/face/afb3264a165a2b90dafc8ca8c2123f03c7e05e7a.jpg
239,0,262539489825,3546738493229695,hhkshtl,3,保密,[笑哭],2025-05-23 04:53:08,0,0,,陕西,否,https://i0.hdslb.com/bfs/face/member/noface.jpg
240,0,262539485057,319640454,铁打的板子,6,男,哈拂,2025-05-23 04:52:59,0,2,随缘更新，QQ群号794932974,江西,是,https://i0.hdslb.com/bfs/face/fd2a087bf169ad619a7e580ae35cd3c619b2ce62.jpg
241,0,263534653968,628045634,老艾啊老艾啊啊啊,5,保密,神人曼波速度，昨天才出就哈基米上了[惊讶],2025-05-23 04:52:33,0,0,毫无疑问，答案显而易见...,四川,否,https://i2.hdslb.com/bfs/face/a27900b836e6ec0fd7240d285dcdbb749a53cfb0.jpg
242,0,263534641152,11585818,此方代理大魔王,6,男,我是！终将升起的曼波！,2025-05-23 04:52:08,0,3,,新疆,是,https://i1.hdslb.com/bfs/face/9af571fb0a4c041f067d3a828a8e5836994c5a70.jpg
243,0,263534140288,438905733,苍辉映星月,6,保密,好好好,2025-05-23 04:48:39,0,1,不好说,广西,否,https://i0.hdslb.com/bfs/face/d3057cdffeccd3625fbbd961a27e93ed88d93beb.jpg
244,0,262538986353,57032758,芙拉老师排异反应么,6,男,@波子味咲来 @芙拉老师 @陈试 @咕的n次方 @真冬的鱼,2025-05-23 04:47:14,0,0,***,广东,否,https://i1.hdslb.com/bfs/face/079a1515a3263eaae64c5ff76b902f1058aa1a0c.jpg
245,0,262538790225,348684182,一代箭仙,6,保密,挺好的，但《太空曼波》确实是星铁音乐小马版不可逾越的一座高山（￣▽￣）,2025-05-23 04:45:56,0,1,立志成为超级秀雅人！,山东,否,https://i2.hdslb.com/bfs/face/2dac4d38e8e2c8f0d4bc86cff665289f7f2feacf.jpg
246,0,262537827457,1751524573,JZT这还有人用啊,5,男,@老飞宇66 这个带派,2025-05-23 04:33:57,0,1,,江苏,是,https://i1.hdslb.com/bfs/face/ee61f5a140ff56f2b0c23d99f19f9ba776cd5f81.jpg
247,0,262537802641,18149350,汤圆型炉子,6,男,无敌了,2025-05-23 04:33:11,0,0,这号只用来看视频、直播了，偶尔发动态在小号UID:698746166,四川,否,https://i1.hdslb.com/bfs/face/076505fd086df442af6171ade7465f0591daf793.jpg
248,0,262537246161,400781255,不过是些许作业罢了,5,男,@_-Kiana-_,2025-05-23 04:27:52,0,0,不过是些许风霜罢了,广西,是,https://i2.hdslb.com/bfs/face/397eb8490c257597743ea5d413acd1250198c218.webp
249,0,262536651569,3546766668466255,布逝鸽们,4,保密,求断更[微笑],2025-05-23 04:20:16,0,0,,广东,否,https://i1.hdslb.com/bfs/face/9cc9826ff62c4714e6458bc877e843c0a1fc6d12.jpg
250,0,262536337873,84484476,牛奶草莓味白巧冰淇淋,6,保密,@沉迷破站的老院长 @A1one2Di3,2025-05-23 04:17:06,0,0,“好像我 从不曾 离开你的身旁”,天津,是,https://i0.hdslb.com/bfs/face/afaa0381c82db37f9bd4961e69581753269011d7.png
251,0,262536138785,61208374,1551556,6,男,满昏[点赞],2025-05-23 04:16:05,0,0,,安徽,否,http://i1.hdslb.com/bfs/face/4c7dd84f2d2cda4a91266e7015eab88cadd37c44.jpg
252,0,262535785713,165339678,茶然丶,6,男,haji-mix,2025-05-23 04:11:40,0,1,见证网络生物多样性,上海,否,https://i0.hdslb.com/bfs/face/cbe8459adc30533261d96fdffcc4b9ad2ac76bdc.jpg
253,0,263530750224,354668644,杪夏OvO,6,男,宝宝这是略人梗，不要玩好不好😭,2025-05-23 04:10:40,0,1,标签式的对话毫无意义，如果你是奔着这个来的，我也拒绝和你好好说话,安徽,否,https://i1.hdslb.com/bfs/face/1d097e046d3d344c66a8284b2f69dbc70c303041.jpg
254,0,262535044001,1926704460,小hao的乐高,5,保密,咪哈游 哈气 吉米铁道,2025-05-23 04:01:24,0,0,明天见，是世界上最美好的预言,四川,否,https://i0.hdslb.com/bfs/face/50f5a4be356637ad58e769e83a6e9f6e74f8d46d.jpg
255,0,262534929825,1785265994,抱走云梦,5,男,笑不出来[翻白眼],2025-05-23 04:01:21,0,0,来了就点个关注呗,湖北,否,https://i2.hdslb.com/bfs/face/adef51fc92c93afa194f41f3cd080fb9ecc5685b.jpg
256,0,263529712432,399295044,最爱喝椰奶呀,5,保密,@空城凉梦风轻眠o @下一艘是台湾见 @汐汐不汐汐 @王八打地鼠 @涩涩的阿洁,2025-05-23 03:59:12,0,0,,湖南,否,https://i0.hdslb.com/bfs/face/d02111fdef5fc382d22ab767ca6da12b7ead1afa.jpg
257,0,262534346625,3546761677244758,忆雨_拾梦,4,保密,神人[香奈美·追寻那道光 应援装扮_呜哇],2025-05-23 03:53:24,0,0,,河南,是,https://i1.hdslb.com/bfs/face/3daeeff6b4e668a46b3cef8a6da980e88d99a6e6.jpg
258,0,263528912064,1178868644,光酩雷裸,3,保密,星穹铁道没少遭这 byd 小马祸害,2025-05-23 03:48:34,0,0,,陕西,否,https://i2.hdslb.com/bfs/face/c3aa886625cbdf10ad8d52e3750c3bc343e38b5b.jpg
259,0,262533832033,336649363,不二之綫,4,保密,@冰殇哀怨69 @是小清风啦 @死姐布 @月亮與我相擁 @瞬逝之虹 @才不是0p呢 @是初拥不是出生 @实負初衷,2025-05-23 03:47:20,0,0,,江苏,是,https://i0.hdslb.com/bfs/face/member/noface.jpg
260,0,262533732817,1734981750,78北原千纱,5,男,我溜大了,2025-05-23 03:45:41,0,0,遗憾总是贯穿人生始终,安徽,否,https://i0.hdslb.com/bfs/face/18d318e4212b45163fe7924d9aba50ce1476bd65.jpg
261,0,262533561697,174306286,暮夏枫林,6,男,@Shown0mercy@永远喜欢Ninja@0神启动@流入虚实[滑稽],2025-05-23 03:42:20,0,0,,广西,是,http://i1.hdslb.com/bfs/face/332977498873886356b44255e87a24d6470260f3.jpg
262,0,262533379729,692224586,T0级米黑子唐小菲,5,保密,缇宝唱的就是好听,2025-05-23 03:40:55,0,0,aco0707,江西,否,https://i2.hdslb.com/bfs/face/777f39c9e6ea16a63e724f5f13d8b7184c182bfa.jpg
263,0,262532600673,590823850,让云朵染上颜色,5,保密,@凉风良,2025-05-23 03:30:56,0,0,,山东,否,https://i1.hdslb.com/bfs/face/0f45f4840e3081b534a605fc533591842dae0d0c.jpg
264,0,263527459360,450101643,老盛的号,5,男,哈堇米[doge],2025-05-23 03:28:38,0,1,安静,江苏,否,https://i0.hdslb.com/bfs/face/b005f655c5caaaee669678636c1976920108a02c.jpg
265,0,262532487729,1994361083,问天清,5,保密,我是，终将哈气的基米!,2025-05-23 03:26:18,0,1,,北京,是,https://i2.hdslb.com/bfs/face/3dfa3ea0584d32266a7c30370f61f51900db43e8.jpg
266,0,262532332609,387326694,kono美琴哒,6,保密,被低估的神作,2025-05-23 03:25:52,0,1,||梦幻光度工作室摸鱼成员||创作路漫漫，愿你们陪伴我一起前进！音源不公开商务合作请加私信,河南,是,https://i0.hdslb.com/bfs/face/66d874c1a8ceb7f926bbee05a81d052511b8864d.webp
267,0,263527157648,1866673312,Serein13145,5,男,@xiao_ao114514,2025-05-23 03:25:11,0,0,,辽宁,是,https://i1.hdslb.com/bfs/face/7ec8df35a149491791438c27169c6672c4ef9611.jpg
268,0,262532100849,22477485,大马佬,6,保密,没出完整版这一块[傲娇],2025-05-23 03:22:30,0,0,城阙辅三秦，风烟望五津,广东,否,https://i0.hdslb.com/bfs/face/b2376dbd1c0d3ce404b2e0f123981c30f21678a7.jpg
269,0,263526661648,454369115,博伯伯_,5,男,有沒有考慮出完整版[笑哭],2025-05-23 03:17:08,0,0,,中国台湾,否,https://i2.hdslb.com/bfs/face/48a5486238e40d962bdfb7ebcdb5d295eb30bdfb.jpg
270,0,262531094401,1431523392,キ呆キ,5,男,天空基米:哈格勒,2025-05-23 03:07:59,0,0,那可是风堇诶~,江苏,否,https://i0.hdslb.com/bfs/face/82f815e5b46dd03eba36ee8996cb0620113276cd.jpg
271,0,263524974304,519650213,团子暖暖又软软,4,男,@海嗣10203号 @当初不识西琳好 @euuuuuuuuuuuu_ @沐枫听雨落 @Vellichor初,2025-05-23 02:53:38,0,0,,天津,否,https://i2.hdslb.com/bfs/face/4b8e2036e643859cdf47e08a953a3c5659353027.jpg
272,0,262529916769,181623898,如果你不知道吗,5,保密,@老飞宇66 这里有新的哈基米,2025-05-23 02:50:09,0,1,,湖北,是,https://i1.hdslb.com/bfs/face/f108894ba1938b731acbbb24d19f63b5874db360.jpg
273,0,262529867697,495468982,依琳希月,5,女,@终于有帐号了 @铃绫ovo @可可爱爱の别西卜小姐 @幽白曦 @陌迁风雨 @Tempestissimo1 @Soft棋子Y,2025-05-23 02:47:37,1,2,,四川,否,https://i1.hdslb.com/bfs/face/e7387a1383cc8bc8ce7649a3090f76724ddce038.jpg
274,262529867697,263537258896,34686344,终于有帐号了,6,保密,哈,2025-05-23 05:25:28,0,1,,湖北,是,http://i2.hdslb.com/bfs/face/1dfcbdff65b8ac0e6dbabb1da0ae614a310289c6.jpg
275,0,263524522784,509764038,゚゙゚゙゚my,5,保密,我先下载了，以防补档[笑哭],2025-05-23 02:46:01,0,1,??囗,广东,否,https://i0.hdslb.com/bfs/face/bd0754f59e2458c7457cabd300e7c3dbc54e9951.jpg
276,0,262529160945,102501885,霸气的刘老师,6,保密,哎哟我，还有神ID的，也是大主播了,2025-05-23 02:36:14,0,0,,黑龙江,否,https://i0.hdslb.com/bfs/face/991445bfbf929c8d25046278ab01ef30cb825017.jpg
277,0,263523120912,90107030,苏苏不想上班_,6,保密,缇宝唱的好啊,2025-05-23 02:22:48,0,0,.,上海,是,https://i2.hdslb.com/bfs/face/35b7ed56062db5ad1b3c73488bbd98378754a027.jpg
278,0,262527079681,354199454,伍七叁十伍,6,保密,@老飞宇66 这个带劲,2025-05-23 02:02:20,0,0,,山东,是,https://i2.hdslb.com/bfs/face/936b2c4e234dcd59458c146c1b9cb465a20b263d.jpg
279,0,263521768992,158973947,电棍otto_0fficial,6,男,@老飞宇66,2025-05-23 02:02:12,0,0,心有所向，日复一日，必有精进。,甘肃,是,https://i2.hdslb.com/bfs/face/0833064d087922d44d81e4b76e2328d924d52af6.webp
280,0,262526924113,287437677,符秀锤,6,保密,传奇爱🐱公司米哈游,2025-05-23 01:59:53,0,4,,云南,否,https://i0.hdslb.com/bfs/face/c3bb5fe8f736a739604442df68fb50fb97cc85b1.jpg
281,0,262526854945,517334365,咲-信星,5,保密,无敌了这音乐,2025-05-23 01:58:14,0,0,,广东,否,https://i1.hdslb.com/bfs/face/9472ac918586646fcd2df7adfea7196385f0e5f8.jpg
282,0,262526536081,1431539681,琳家奥日,5,女,@唯爱ask 崩咚基,2025-05-23 01:53:59,0,1,,广西,否,https://i2.hdslb.com/bfs/face/2a42117fe3698820434c4bb058e46fd66ef5d89c.jpg
283,0,262526310369,1014317488,我的剑法可好了,5,女,神人@-lie-yang,2025-05-23 01:50:26,2,0,,辽宁,是,https://i1.hdslb.com/bfs/face/02dbfa86fa890f2f424eb8b6b3bca226e9cc2588.jpg
284,262526310369,263524205840,292683805,-lie-yang,6,保密,？少搬史了[Mygo表情包_生气],2025-05-23 02:40:34,0,0,37℃绚丽的蓝,江苏,否,https://i1.hdslb.com/bfs/face/7204b2155887eb3b23d2c999e639b89b4c9d4f39.jpg
285,262526310369,262531326033,1014317488,我的剑法可好了,5,女,"no,这才是真正的音乐[神作打卡]",2025-05-23 03:11:40,0,0,,辽宁,是,https://i1.hdslb.com/bfs/face/02dbfa86fa890f2f424eb8b6b3bca226e9cc2588.jpg
286,0,263520557536,1416527405,曜青龙尊-天风君,5,男,缇宝不是下线了吗？怎么还在唱歌[doge],2025-05-23 01:45:38,0,0,仙舟翾翔，云骑常胜！,中国台湾,否,https://i2.hdslb.com/bfs/face/39a876fe492f0bf8233afe12defc90465cbab691.jpg
287,0,262525981665,497321867,青山白xx,6,男,已经沉浸在自己的艺术中了，我听到了对米哈游编剧的狠，以及呐喊与不甘，没有技巧全是感情。,2025-05-23 01:44:19,0,0,多想，多看，多思考,湖南,否,https://i2.hdslb.com/bfs/face/8b32463e356682687522f52d80fecc3652e7909c.jpg
288,0,262525861105,7029089,为不归鸟咏唱你的歌,6,男,@balabalahie @夢の泪n @伞fu @相看两厌zz,2025-05-23 01:38:50,1,1,,广东,否,https://i2.hdslb.com/bfs/face/e36a443873c5ec8e978253a8c329461685c471b4.jpg
289,262525861105,263520430800,20644928,相看两厌zz,6,保密,你无敌了,2025-05-23 01:39:37,0,0,○×△□,上海,否,https://i2.hdslb.com/bfs/face/5e31e08e13601d29a6ef82490407c826d94408d6.jpg
290,0,263520160688,9985742,Cyan0v0,6,保密,海瑟音死因找到了,2025-05-23 01:34:56,0,0,羽兔同人社主创，交流群572618584,西班牙,是,https://i2.hdslb.com/bfs/face/aa224d4ee0b9c8afd0f9f9452e87ace7af3fb71d.jpg
291,0,262525278129,259471381,アルさん,5,保密,做的豪jb南亭[打call][打call][打call],2025-05-23 01:32:02,0,3,,山东,否,https://i1.hdslb.com/bfs/face/8b20c399c3462bf1eaea4f6a6cf46539b1354e57.jpg
292,0,263519110016,9572942,不知谁家熊孩子_,6,保密,小时候看完这集被塞涅俄斯投入黄金池了[笑哭],2025-05-23 01:17:48,0,47,我再也不敢充大会员了，哔哩哔哩是世界上最好的视频网站，推送机制公平，用户素质高，审核系统完善，番剧完整无删减，从不煽动挑拨对立,内蒙古,是,https://i2.hdslb.com/bfs/face/d561a89b4c2fdd1341d20b8ff0de7340454345d9.jpg
293,0,262524328769,160793161,乐意_JD,6,保密,@是不是半糖 哈哈哈哈哈哈哈哈哈哈豪庭,2025-05-23 01:10:02,1,1,NCT&JUNZHE,山东,是,https://i1.hdslb.com/bfs/face/662f587919b1dd2f70173920ce1061eddd6cadac.jpg
294,262524328769,263573541616,498422340,是不是半糖,6,保密,啊哈哈哈哈哈哈哈哈哈哈哈我服了,2025-05-23 13:09:04,0,0,,江苏,是,https://i0.hdslb.com/bfs/face/35ec6774bd58fbb4affea198d4d34f4a74a62bfd.jpg
295,0,263518345584,254112825,GTI火箭兵乌鲁鲁,6,男,mihaji－mix,2025-05-23 01:03:07,0,0,Q群：296994121,山东,否,https://i0.hdslb.com/bfs/face/8ffe3645044761a88ef4b6dbc414dd40148ad14c.jpg
296,0,262523799681,451310193,我爱一拳x,5,保密,简介不太友善喵😿😿😿,2025-05-23 01:00:11,0,0,"你在期待些什么？













































别来查你爹成分，感觉不如直接私信",安徽,是,https://i0.hdslb.com/bfs/face/bfd1bcc836a78240cddecda32710d3d54a77576c.jpg
297,0,262523364225,491778165,樽衣,5,保密,666，一来我就看到哈基白和哈基灰在打哈基泰[笑哭],2025-05-23 00:51:48,0,1,,陕西,否,https://i0.hdslb.com/bfs/face/f8d4180274f6a8b2bb63affcd31f0e28f2e63900.jpg
298,0,263517606800,1309749924,尘逢落樱,5,男,@雨夜里的白猫,2025-05-23 00:48:05,1,0,一名喜欢动漫的平凡二次元游戏玩家，即然没有天分，那就应该有更好的心态，付出更多努力前进(ง •̀_•́)ง,辽宁,是,https://i0.hdslb.com/bfs/face/598d9885fd7a318df7c952f57b4afdca72f42e5b.jpg
299,263517606800,262682951633,265658862,雨夜里的白猫,6,保密,[香奈美·追寻那道光 应援装扮_啊],2025-05-24 15:39:05,0,0,被需要过也陪伴过 但 也只有我被慢慢遗忘,广西,否,https://i0.hdslb.com/bfs/face/8af91e21e2e8fb2d1b36c70807366ba57796b88d.jpg
300,0,263517014064,224640543,椿日饮,5,女,好有救赎感的歌词，感觉听完后心灵都被治愈了,2025-05-23 00:36:39,0,0,你点进来的时候说明你已经被我戳中痛处了(˵¯͒〰¯͒˵),浙江,否,https://i0.hdslb.com/bfs/face/1767ddf9b872946c36e78520062af52449e35e3c.jpg
301,0,262522326977,457285283,价值高达六个币的名字,5,男,做这么快是因为猫猫的神速力吗[doge][doge],2025-05-23 00:29:54,0,0,差一分不凹？,广东,是,https://i2.hdslb.com/bfs/face/f55ba8c250ae6be4bbc0fdcc7f5711255bd85478.jpg
302,0,263516182752,3493091417787202,你华hhhhhhhhh,4,保密,@浅羽凪_Official ？？？,2025-05-23 00:17:57,0,0,符玄大人一米一，傻了吧唧三月七（狗头）,广东,否,https://i1.hdslb.com/bfs/face/f1b969011283b809c904347bef639dbec72958ba.jpg
303,0,262520898321,1417147091,臩智,4,男,@三岁让你飞起来 @怖芝悼钙葚嚒鸣滋,2025-05-22 23:58:04,2,3,,云南,否,https://i2.hdslb.com/bfs/face/6f9a84ace88e942ee5e3e1cb11c4d471d6e9999e.jpg
304,262520898321,262520900913,1417147091,臩智,4,男,@白茶微清 @最强肘术师_ @慕斯抹茶冰欣,2025-05-22 23:58:13,0,2,,云南,否,https://i2.hdslb.com/bfs/face/6f9a84ace88e942ee5e3e1cb11c4d471d6e9999e.jpg
305,262520898321,263524186512,693182308,等莱特复刻强制爱6命,5,保密,豪庭,2025-05-23 02:39:42,0,1,,江苏,是,https://i1.hdslb.com/bfs/face/0865304f409e614dfa2c91ec525ada52bad79a67.jpg
306,0,262520763073,397447660,獍小貊,5,保密,@Wustober,2025-05-22 23:55:02,0,0,(งᵒ̌皿ᵒ̌)ง⁼³₌₃欧拉欧拉,浙江,否,http://i1.hdslb.com/bfs/face/100f330c6b8e65613545849512087c41fc1034b5.jpg
307,0,262520762209,1172224693,もう一度祈りましょう,4,保密,@老飞宇66,2025-05-22 23:54:59,0,0,,江苏,否,https://i1.hdslb.com/bfs/face/6f9890e57e66a4ccf475cded0d89b87fa302d5e1.jpg
308,0,263515053088,1425838308,鯢桓,5,男,怎么没人艾特老飞鱼？,2025-05-22 23:51:06,0,0,,河南,否,https://i0.hdslb.com/bfs/face/5bb1940e303c33df57461e3a1b02562b451d6003.webp
309,0,263514969344,389873228,等待奈寻子,6,保密,没绷住,2025-05-22 23:50:27,0,0,,美国,是,https://i2.hdslb.com/bfs/face/80b25b2ad7dd2881e3a2881bb2e8da12185a6d5b.jpg
310,0,262518556593,3546761580775856,绽放终竟的明天,4,保密,太快了吧,2025-05-22 22:43:08,0,0,,河北,否,https://i2.hdslb.com/bfs/face/2ec069343f097b187ebe3b9094926e78e3d54086.jpg
311,0,262516803745,399441684,冷袖凄凄,6,男,这必须三连[打call],2025-05-22 20:37:01,0,0,,四川,否,https://i0.hdslb.com/bfs/face/b77d405b7e9e7da5ae8edaaa2b07b999d779ec9c.jpg
312,0,262516501841,475146491,逸博不了,5,男,有点强,2025-05-22 20:19:04,0,0,欧耶  做自己想做的,河南,否,https://i2.hdslb.com/bfs/face/25c22d821c95322064a718bd1be56943b28c6e9a.jpg
313,0,262516177489,441026560,痧彼b站,6,保密,我认输，虐赛区你赢了,2025-05-22 19:56:39,0,0,一名平凡的不能再平凡的人,广西,是,https://i1.hdslb.com/bfs/face/91ee2035f55bb87b9c0fbea46fb95b5fa42bc214.jpg
314,0,262516258945,480162862,愉悦的墨墨,6,男,真快啊,2025-05-22 19:56:30,0,0,,江苏,是,https://i1.hdslb.com/bfs/face/8550c3bd8b45601e75cbc92ef29adfdc5564f46b.jpg
315,0,262516024641,3493077821950389,原石老Peter,4,保密,哈基米同款的神速力,2025-05-22 19:45:42,0,0,原石指的是未经加工的天然矿石，望周知,河南,否,https://i0.hdslb.com/bfs/face/d3eaf9bfb1eb52fd07ddf9bdaa2de5cb8b03b990.jpg
316,0,263509597712,3914606,Kawa桑,6,男,[辣眼睛]牛，无需多言,2025-05-22 19:21:28,0,0,对我的称呼：小川，阿皮即可...(变相称呼有皮皮，皮神等...),意大利,是,https://i2.hdslb.com/bfs/face/4b14421749422e4b1b936eac46335812873b6d70.jpg
317,0,263509419744,1997731206,初华炫压抑,4,保密,光速,2025-05-22 19:17:29,0,0,,广东,否,https://i0.hdslb.com/bfs/face/3d82128df953cb0a081f66ae23c4f12c59082c7f.jpg
318,0,263509120192,3493113846827601,芳缘仙子,3,保密,@你的结局早已注定 音乐还没上，曼波版就出了@,2025-05-22 18:56:47,0,0,,安徽,否,https://i0.hdslb.com/bfs/face/b1748c1ed45fdd5b163aced9407ba73fba35dba3.jpg
319,0,263508339792,1231776838,柊天的秘蜜,4,保密,还挺好听的[doge],2025-05-22 18:31:00,0,0,,河北,否,https://i0.hdslb.com/bfs/face/member/noface.jpg
320,0,263508098544,21504710,瑶之谜,6,保密,😨😨😨我嘞个…神迹…！震撼！！！！！！！,2025-05-22 18:21:18,0,0,哈够了，不哈了。(◞‸◟ ),广西,否,https://i2.hdslb.com/bfs/face/9d78d94ad4d58d089be4ff020de4c1655c75d064.jpg
321,0,262513795617,429580556,雨落之行,6,男,EP才出来多久啊？这就有了,2025-05-22 18:19:28,0,1,,广东,是,https://i2.hdslb.com/bfs/face/c224f0e9ff37b8b9cacfc9633b47606749496223.jpg
322,0,263507803888,399390929,屿丶梦,5,男,我勒个神速,2025-05-22 18:15:12,0,0,"这个人很勤快，但他并不准备写点什么......

杂食",山东,是,https://i2.hdslb.com/bfs/face/a4391c29d347dab4f54f1751f70d90b802ceebe9.jpg
323,0,263507659056,375625236,火力中喵正义执行,6,男,this is true 米usic[卡拉彼丘夏日竞逐嘉年华_已老实],2025-05-22 18:10:49,0,0,the childhood of humankind will end,上海,是,https://i0.hdslb.com/bfs/face/d2270441565bcdeab9254dafa623aea864bdd9ec.jpg
324,0,262513037393,521845785,浅川枫吟喵,5,保密,我要完整版[少女乐队的呐喊表情包_倔][少女乐队的呐喊表情包_倔],2025-05-22 18:00:10,0,1,与君初相见，犹似故人归,河南,否,https://i0.hdslb.com/bfs/face/fa671c93e70c6ac4d4069aa1ae5a3fcf80c471a3.jpg
325,0,263506794640,53238509,WilliamWalker,6,男,感谢缇宝老师献声（我在说日配）,2025-05-22 17:48:49,0,1,二次元杂食动物？,辽宁,否,https://i2.hdslb.com/bfs/face/22faf8a9871dfa91fc7ac03c8ee628c33b7b2e46.jpg
326,0,262512242721,444439954,纷落之雪,6,保密,@亦不宜 @简介搬运工 @小不不知道哦,2025-05-22 17:36:17,1,0,miku公主赛高！！！！！,广东,是,https://i1.hdslb.com/bfs/face/775493ee3150995a0c88055aa3999831e6b48e16.jpg
327,262512242721,263514982512,354631641,小不不知道哦,6,男,1,2025-05-22 23:51:22,0,0,"你好呀，我是不知道，你可以叫我小不~
群685942152",广东,是,https://i0.hdslb.com/bfs/face/5ca7acec37713c70b9574e346c919778198fc05c.jpg
328,0,263506066416,521487618,只因泥泰煤,5,保密,[热][热][热]，这什么啊。。。,2025-05-22 17:34:17,0,0,持续分享崩铁绝区零壁纸美图,山东,否,https://i0.hdslb.com/bfs/face/4d5c7d9ca5f115a8b44244627e7c5504266162f3.jpg
329,0,262511459777,401609157,-小小萤火虫-,6,男,盗火行者……你赢了……,2025-05-22 17:20:52,8,370,开拓者是这样的，流萤只需要天真可爱就行了，而我们开拓者发病要考虑的事情就多了（回复通知已关，某些人别急）,北京,否,https://i0.hdslb.com/bfs/face/784e66a0f77ee3289430f3e0ef8dd80738353a9c.jpg
330,262511459777,263523268016,356917,景台,6,男,冥滩...哈基赛...多汁少骨嚼嚼嚼...汪呜汪呜[doge],2025-05-23 02:27:10,0,21,酷狗想要闹元宵，但是被批站小管家摁住了,广东,否,https://i1.hdslb.com/bfs/face/cd6928ddad08d597ff59bce7a30e6650a1361a42.jpg
331,262511459777,262529927169,442933270,季啊彤,5,男,我的赛飞儿，我的阿雅[大哭][大哭],2025-05-23 02:47:55,0,5,This is us,湖南,否,https://i1.hdslb.com/bfs/face/a01d1ea3db5464630db9410045ee1a75b8e5d2d8.jpg
332,262511459777,262530350225,342910092,I镜子照镜子,6,男,是鲨猫区 我们没救了[大哭],2025-05-23 02:55:34,0,1,钢琴好难,山东,是,https://i0.hdslb.com/bfs/face/fb5a04b7407492fb49fb7100639d8bd66e9bcba6.jpg
333,262511459777,262535491681,39450773,Broccccoli,6,保密,一秒猜出盗火行者性别[笑哭],2025-05-23 04:07:50,0,8,A思慕C,重庆,否,https://i2.hdslb.com/bfs/face/b73335f1978748d77c7da3206322266c5848994c.jpg
334,262511459777,262543338609,397341379,亚楠的草纹盾,6,男,盗罐行者你赢了,2025-05-23 05:44:02,0,6,(ФωФ),浙江,是,https://i1.hdslb.com/bfs/face/6e5a3455cd0887ede62e68d0441d2bd4c882d8f5.jpg
335,262511459777,262550908113,676518599,网终于不卡了,5,保密,本来想养的，这个真想养[笑哭],2025-05-23 07:48:44,0,2,什么都发,黑龙江,是,https://i2.hdslb.com/bfs/face/8cf459eddff0c6cfd88da6bdeea0f5a6167b2379.jpg
336,262511459777,262570570785,501337660,千叶离若间,5,保密,盗罐行者[少女乐队的呐喊表情包_坏笑],2025-05-23 11:55:12,0,1,,湖南,是,https://i1.hdslb.com/bfs/face/ddd667b0bff0c8d3466d6789aee50c188d6464ef.jpg
337,263523268016,262599718609,1442678195,贾甄平_,5,男,回复 @景台 :嚼嚼嚼这招太狠了[笑哭],2025-05-23 17:49:06,0,0,游戏区小透明up主，著名的“蜂刺王”,北京,是,https://i2.hdslb.com/bfs/face/46230585c73d057a47aa96a4e9dcb042bf90b68c.jpg
338,0,263503824208,25287020,星语霜,6,男,好快的发,2025-05-22 16:53:28,0,0,,浙江,是,http://i2.hdslb.com/bfs/face/dfcd473e2a464cd5c1871def404d50ccf33f8514.jpg
339,0,263500799568,471171939,十年梦酣,6,男,@麦钩海玲,2025-05-22 16:09:11,0,0,只驱龙蛇不驱蚊,湖北,否,https://i0.hdslb.com/bfs/face/a8ca7e9a2a3c82f078361b7b15b794c9a51a9905.jpg
340,0,263498242192,19686425,这核理吗__,5,保密,我剧情还没过呢。哈基米音乐都出来了,2025-05-22 15:37:37,0,1,,北京,是,https://i2.hdslb.com/bfs/face/2803ac5c3cd6e50a9ed866c15556c5a52f747392.jpg
341,0,263496061280,178113009,゚啊喔呃咦唔喻,6,男,我喜欢你,2025-05-22 15:14:49,0,0,这个人好懒，什么都没留下,河南,否,https://i0.hdslb.com/bfs/face/29187f5ace2b3e5baa0028edd870c0339d181d02.jpg
342,0,262502158225,47995998,白衣沽酒绮罗生大人,6,男,曼波曼波,2025-05-22 15:13:54,0,0,放肆，凡人，退下！凡间的小神啊，你尽力了！,北京,否,http://i0.hdslb.com/bfs/face/d35d7cdef40016f09e5425d391c34e47e66ac9b1.jpg
343,0,263494237312,2113555815,秋望落雁鸣,5,男,哈基米音乐听多了，听到《辞九门回忆》，我都想到一句了“满座衣冠皆老朽，黄泉故事无止休”改成“哈基米南北录多，啊西噶呀库南咯”[doge][笑哭],2025-05-22 14:55:17,0,1,未雨绸缪,山东,否,https://i0.hdslb.com/bfs/face/b3677563740c2d1852a3eaac28a27ca69c824f11.jpg
344,0,262499030385,233034155,璐辩暅涓変竾鍏崈鍔,6,保密,做个豹豹碰碰大作战的[doge],2025-05-22 14:38:49,0,0,针对畸形优越感重拳出击,河北,否,https://i0.hdslb.com/bfs/face/member/noface.jpg
345,0,263490304208,486962446,Yuruなでしこ,5,保密,Haji-xim[笑哭],2025-05-22 14:13:24,0,0,,越南,是,https://i1.hdslb.com/bfs/face/3ef7581cdcaeb842c3a3b9e8ec629146d3d5e470.jpg
346,0,263488945216,389873841,阿迪巨哒,6,男,@爱萌爱萝莉- @FNyuuuu @江酒要困告了,2025-05-22 13:58:58,0,0,,江苏,否,https://i0.hdslb.com/bfs/face/ab59bfbd3b9e50e927bfa5aa23a6e0b1078c9abe.jpg
347,0,263488938416,1368033314,一脚踢死老六,4,保密,我嘞个2小时前,2025-05-22 13:58:45,0,0,,浙江,否,https://i2.hdslb.com/bfs/face/1cbfeabd952f6eb3d8d56457bd57580df750f409.jpg
348,0,262494601009,205919959,不点赞的是蔡徐坤,6,男,豪庭收藏了[支持],2025-05-22 13:51:06,0,0,,浙江,否,https://i1.hdslb.com/bfs/face/18be0600a397aca08eba5eb36eac5b400e05c0d5.jpg
349,0,263487620768,456530324,天然卷都是好银,5,女,艾格勒也是略人区的[星星眼],2025-05-22 13:43:26,0,0,辣鸡b站，还我哈基米音乐,广东,否,https://i2.hdslb.com/bfs/face/f3f7ea4cd4ac5acdcc993f425ed1ca4d27241706.jpg
350,0,263484035408,1775194208,是闲人啊_,5,男,这种家里真得请高人了[辣眼睛][辣眼睛][辣眼睛],2025-05-22 13:04:28,0,1,高塔直破苍穹，大地荡然无存,江西,否,https://i2.hdslb.com/bfs/face/c3aed8f2fd69a321b3a91a850f7e5796d4d9edc6.jpg
351,0,262490482193,298177895,lixue_jiu,6,男,奇怪，多了两个...,2025-05-22 13:02:58,0,0,竭泽而渔不可取,中国香港,是,https://i2.hdslb.com/bfs/face/2fabbc582ffe5d37b3d9479f43fa2df1af8cb63e.jpg
352,0,263483826144,91637017,牛牛骑士美露莘,6,保密,神人简介,2025-05-22 13:02:20,0,0,成分是档原粥绝潮铁崩战,浙江,是,https://i1.hdslb.com/bfs/face/2dcd202c281eb07704196d6b31d949862a08f067.jpg
353,0,262489989569,405610397,大佬登duan啷,6,保密,快进到完整版出来[呲牙],2025-05-22 12:57:21,0,1,,广东,是,https://i2.hdslb.com/bfs/face/69a095e8ea205a9bb81ab30ec6c1322e3a2b3389.jpg
354,0,262489685393,501288587,空巢老人卢某,5,保密,米基哈公司的对吗[笑哭],2025-05-22 12:52:41,2,71,,江苏,否,https://i2.hdslb.com/bfs/face/38005a0a427b9d98d687db9489b03ec79b4e5640.jpg
355,262489685393,262566148449,3546556334606758,史蒂芬-奥德修斯,3,保密,米哈鸡公司,2025-05-23 11:06:23,0,5,不定期更新音游，手游视频,重庆,否,https://i1.hdslb.com/bfs/face/cf957fcd2942256edf70f856343267a115384050.jpg
356,262489685393,262682591009,633204461,时管使徒-鷄鲲一体,5,保密,略猫公司哈基米[笑哭],2025-05-24 15:34:17,0,2,,广东,否,http://i2.hdslb.com/bfs/face/64af920ee32c9655d828886648da76668808b20a.jpg
357,0,262489109137,1866209255,元气压把发,5,保密,震撼这一块[Ave Mujica_美味],2025-05-22 12:48:07,2,582,高端大气上档次，低调奢华有内涵。奔放洋气有深度，狂拽酷炫屌炸天,山东,是,https://i2.hdslb.com/bfs/face/2fb462a24edacc5a0170b0d86c02d7e62f45ff64.jpg
358,262489109137,262618260753,556782355,JOHNWHH,5,保密,[夜奏未终动态表情包_打call][夜奏未终动态表情包_打call],2025-05-24 02:44:40,0,2,,上海,是,https://i1.hdslb.com/bfs/face/1631beadaeec3b196d2d106a9eb20fac9f946313.webp
359,262489109137,265507038000,424401147,暮平川,5,男,saki,2025-06-13 14:05:53,0,0,"喜欢happy end,芳文社赛高。",福建,是,https://i0.hdslb.com/bfs/face/3e165f5dda1c9420104c872aeebf1d31e3d12ec9.jpg
360,0,263482579328,629890841,此生只爱樱良,5,保密,谁懂看到“还给我神id”这几个字还没点进视频就🐍的停不下来的感觉[打call][打call],2025-05-22 12:46:22,8,423,"山内有樱名为良,树本无名只待春。",江西,否,https://i2.hdslb.com/bfs/face/3048631c8bf1f0e82991b949ac72d14293cae76f.jpg
361,263482579328,262490440177,190951978,宇宙超级无敌吗喽大王,6,男,啊啊啊啊啊啊啊啊啊啊啊啊啊啊啊啊啊啊啊啊啊啊啊啊啊啊啊啊啊啊啊啊啊啊啊啊啊啊啊啊啊啊啊啊啊啊啊啊啊啊啊还没想好,2025-05-22 13:03:09,0,45,速达哟,广西,否,https://i1.hdslb.com/bfs/face/c106277b22dfa8abe6ea832ce2e55d9e0aee3956.jpg
362,262490440177,263495706192,1875840730,bili_1875840730,5,保密,回复 @宇宙超级无敌吗喽大王 :战吼起手[doge],2025-05-22 15:10:13,0,6,,河北,是,https://i1.hdslb.com/bfs/face/81b1d15f97e0b417d20d600fd3c4819a33dac948.jpg
363,263482579328,262510684001,413782198,神圣涟漪,6,保密,没有救赎感？没有救赎感？,2025-05-22 17:07:55,0,1,。。。。。。,北京,否,https://i1.hdslb.com/bfs/face/788f48c610f6552aed8e37dd86226a3db282f591.jpg
364,263482579328,262532173825,19962699,一只好吃的小火柴,6,女,算了，我就懂一次吧[微笑],2025-05-23 03:22:30,0,2,www我的水月，我好爱他,浙江,是,https://i0.hdslb.com/bfs/face/03d46dd3db6444b1a4374012ad2d08a15ba94d4b.jpg
365,263482579328,263528934560,361391227,依乆医久,6,男,巴普洛斯的吉尔,2025-05-23 03:49:21,0,0,一击脱离的阿q还真是辩都不敢辩一下，精神胜利罢了,北京,否,https://i1.hdslb.com/bfs/face/49be8e34980a55ab6f41a7deaf2909c8b66a433e.jpg
366,263482579328,262536617425,3546766668466255,布逝鸽们,4,保密,那很舒服了,2025-05-23 04:20:50,0,0,,广东,否,https://i1.hdslb.com/bfs/face/9cc9826ff62c4714e6458bc877e843c0a1fc6d12.jpg
367,263482579328,263544782144,1233649501,不玩你哥哥,5,保密,@应星10086,2025-05-23 07:24:02,0,0,鸟为什么会飞？,安徽,否,https://i1.hdslb.com/bfs/face/382a2993aa293717f25b923c5924ce9011285310.jpg
368,263482579328,262751472513,285361060,镜鱼中,6,保密,哦哦哦哦哦齁齁齁齁齁,2025-05-25 11:09:02,0,1,2233,北京,否,https://i1.hdslb.com/bfs/face/8324462db0b2d2d2dddd0dd4402f3facc986f9fc.webp
369,0,263482221712,3546625263799242,QiQiKanna,4,男,我就知道[笑哭],2025-05-22 12:44:46,0,1,,安徽,否,https://i0.hdslb.com/bfs/face/51208b8385536100005aae94ac82c62c0a9847e2.jpg
370,0,263481937648,1113751940,bili_1113751940,5,保密,气笑了,2025-05-22 12:39:14,0,0,,广东,否,https://i2.hdslb.com/bfs/face/8926d495031057e686f35c74c1f816505daac792.jpg
371,0,263481502160,1117536842,゚魔法猫咪,5,男,[打call]强强联合,2025-05-22 12:34:45,0,0,"真正的奢侈，是允许某件平凡之物成
为丈量你生命的尺",重庆,否,https://i2.hdslb.com/bfs/face/f19e3a4eb93646f05f8a9d1e33e86315112e2785.jpg
372,0,263481276976,448347614,抱猫卧软铺,5,男,好快的哈,2025-05-22 12:32:48,0,0,,江西,否,http://i2.hdslb.com/bfs/face/e30df8e230122de9411244fb025e9a99cc33ab7d.jpg
373,0,263481264720,3546651383826834,千早鲨鯊,6,保密,听的有点微博了[Ave Mujica_愉快],2025-05-22 12:32:27,0,1,这个似人正在赶毕设喵,江西,是,https://i0.hdslb.com/bfs/face/9ac91e9dad2310c2f64fec0e9ed5266853901087.jpg
374,0,262487641985,476701356,饮禾,6,保密,成本是俩个648吗,2025-05-22 12:29:33,6,456,,重庆,否,https://i0.hdslb.com/bfs/face/0167813cf3e6f2c6ef6b09d7f768d29b1f207ca1.jpg
375,262487641985,262488186177,2047472570,伏尸王结城友奈,6,保密,回复 @饮禾 :本视频收益全部用于抽取2+1救世主大人,2025-05-22 12:35:03,0,182,诈尸了,重庆,是,https://i2.hdslb.com/bfs/face/1e7cdc8db138256ee515f5ad76cd925eb82d4db4.jpg
376,262488186177,262503719377,414458466,冷酷如冰0,6,保密,回复 @伏尸王结城友奈 :[打call][打call][打call]救世啊[打call][打call][打call],2025-05-22 15:30:21,0,9,写了签名 也没人看 还不如当个神秘人呢 哼！,陕西,否,https://i0.hdslb.com/bfs/face/2bc9d528b426050373eb7824d0646a268894469c.jpg
377,262488186177,262537179537,3546889207155298,是阮梅不是软妹,2,保密,回复 @伏尸王结城友奈 :是那终将升起的烈阳吗？[滑稽],2025-05-23 04:27:56,0,7,,上海,否,https://i1.hdslb.com/bfs/face/7c837226977af3ed69d3a83a776be69ac9c67360.jpg
378,262537179537,262541695601,3494355172068161,淡淡的胡桃,5,保密,回复 @是阮梅不是软妹 :诶呦我，原来是烈焰哥,2025-05-23 05:19:31,0,4,,河南,否,https://i2.hdslb.com/bfs/face/34b7cfd788aa19dda7f49a807630b8a8cfb8b30a.jpg
379,262488186177,262543791249,1077461399,暇久,5,保密,回复 @伏尸王结城友奈 :那不得不投币了,2025-05-23 05:49:45,0,1,诗篇与时间,山东,否,https://i2.hdslb.com/bfs/face/3ee7e614df15d57bc1c9c203ea2fbfb25754e8f8.jpg
380,262488186177,263633395200,475358003,0分与59,5,男,回复 @伏尸王结城友奈 :救世呀[doge]鸟儿要飞了嘛,2025-05-24 06:10:20,0,0,请输入新个性签名,安徽,否,https://i2.hdslb.com/bfs/face/bf147ec38b89372a53952ddd39ce7a6f00ff2a1f.webp
381,0,263480976048,438905733,苍辉映星月,6,保密,宝宝天空是略人区我们不要跟他玩,2025-05-22 12:28:36,0,47,不好说,广西,否,https://i0.hdslb.com/bfs/face/d3057cdffeccd3625fbbd961a27e93ed88d93beb.jpg
382,0,263480775120,515573044,付个大大帅,5,保密,主播我要电子签名[Mygo表情包_Love],2025-05-22 12:26:47,2,8,,江西,否,https://i1.hdslb.com/bfs/face/f96871f1e0339fa65795d25d4f8cbd5b9d031d54.jpg
383,263480775120,262489255809,2047472570,伏尸王结城友奈,6,保密,还给我神ID,2025-05-22 12:49:05,0,4,诈尸了,重庆,是,https://i2.hdslb.com/bfs/face/1e7cdc8db138256ee515f5ad76cd925eb82d4db4.jpg
384,263480775120,262507916737,23169695,还给我神ID,6,保密,伏尸王结城友奈,2025-05-22 16:24:55,0,2,"说过的话 美丽的夏 都过完了
基米音乐交流972986446",安徽,是,https://i2.hdslb.com/bfs/face/6fec8554c939e250936bdfcc3c0a81490ceab653.jpg
385,0,263480288368,80694411,132明白,6,保密,这么快的哈[笑哭],2025-05-22 12:20:23,0,0,,河南,是,https://i0.hdslb.com/bfs/face/ff870ebfe697af0ac355762297d0ce4daef8aaf1.jpg
386,0,262486612721,511044087,伪电气白兰地_,6,女,好快的发[doge],2025-05-22 12:18:14,0,0,电电将军desu,福建,否,https://i0.hdslb.com/bfs/face/01c434f08257f0c9e1d6ecaa74bb53f0247e1ca9.jpg
387,0,263479714576,1314295640,黄金树兄弟-已禁言,5,保密,哈尽了,2025-05-22 12:13:20,0,1,账号已封禁,湖北,否,https://i2.hdslb.com/bfs/face/882f7ba4b155f73090875bb08fde843489235267.jpg
388,0,263479632752,289020907,喜欢戴眼镜的大胸美女,5,男,这是天空泰坦？,2025-05-22 12:12:55,0,0,?不是，为什么这么多片姐关注我？,福建,是,https://i1.hdslb.com/bfs/face/a304ce8cc54c5f8bd54d781760fd1fb0a1fccd1a.webp
389,0,262486034081,439778063,Latourruis,6,保密,好可爱，想养一只,2025-05-22 12:09:30,0,1,多动动脑子吧,江西,否,https://i2.hdslb.com/bfs/face/54e83259758c9fe6af130f5f1fd5cd80c809bcce.jpg
390,0,263479352880,481355333,天照大神人,5,保密,已加入收藏夹“基米”,2025-05-22 12:09:23,0,0,此行，终抵群星！,德国,否,https://i2.hdslb.com/bfs/face/89195358ec0b707498916dedec239b7fe8f2f7d6.jpg
391,0,262485028801,24503081,包湫papa,6,男,有没有完整版啊,2025-05-22 11:58:35,2,0,少吃肥肉，规律作息,云南,是,https://i2.hdslb.com/bfs/face/6dca154b0fbf5b15f3b4a402b201b06fd8b7e4da.jpg
392,262485028801,262485417633,2047472570,伏尸王结城友奈,6,保密,回复 @包湫papa :等几天[汤圆],2025-05-22 12:02:31,0,0,诈尸了,重庆,是,https://i2.hdslb.com/bfs/face/1e7cdc8db138256ee515f5ad76cd925eb82d4db4.jpg
393,262485417633,262486247201,24503081,包湫papa,6,男,回复 @伏尸王结城友奈 :[星星眼]nice,2025-05-22 12:11:10,0,0,少吃肥肉，规律作息,云南,是,https://i2.hdslb.com/bfs/face/6dca154b0fbf5b15f3b4a402b201b06fd8b7e4da.jpg
394,0,263478492992,3546775321315406,ElysiaWhe,3,保密,这么快[星星眼][星星眼],2025-05-22 11:58:33,0,0,,湖北,是,https://i2.hdslb.com/bfs/face/e6cd4cf0e05f1a59819e8e692610f93c2520ee27.jpg
395,0,263477957440,450186333,粉粉的绯鲨,6,保密,@我没有硬币了啊233,2025-05-22 11:53:50,0,0,,山东,否,https://i0.hdslb.com/bfs/face/5aa3be33ec312daa8cc989bbad43f470a44a08e7.jpg
396,0,262484458705,543299684,魈魈不知道宓,4,保密,好快呀,2025-05-22 11:51:55,0,0,,广东,否,https://i2.hdslb.com/bfs/face/5602cc889b7b95e112f8e2aa3cc439e0330663dc.jpg
397,0,262484294289,1900800583,没手感wj,5,男,黑厄也是爱猫区[笑哭],2025-05-22 11:49:30,0,2,0721,安徽,否,https://i1.hdslb.com/bfs/face/9295e4ac80c7e3ceb879ae04884b9cc56284f9d2.jpg
398,0,262483843713,237187792,夏天来杯好果汁,6,男,开头那个天天在这哈基米哈基米那一段出处是哪里啊,2025-05-22 11:42:38,8,121,"万法皆修，万法不通。
简称杂修",辽宁,否,https://i1.hdslb.com/bfs/face/2d7eb7d98814944f698fb6eaea798816f828d324.jpg
399,262483843713,262483862417,2047472570,伏尸王结城友奈,6,保密,一根华仔,2025-05-22 11:43:13,0,16,诈尸了,重庆,是,https://i2.hdslb.com/bfs/face/1e7cdc8db138256ee515f5ad76cd925eb82d4db4.jpg
400,262483862417,262483917761,237187792,夏天来杯好果汁,6,男,回复 @伏尸王结城友奈 :哦好的谢谢，我以为是哪个主播还是什么梗的然后ai成哈基米声音了,2025-05-22 11:45:00,0,2,"万法皆修，万法不通。
简称杂修",辽宁,否,https://i1.hdslb.com/bfs/face/2d7eb7d98814944f698fb6eaea798816f828d324.jpg
401,262483862417,262489037377,1866209255,元气压把发,5,保密,回复 @伏尸王结城友奈 :并非华仔BV1dB4y1f7Ey,2025-05-22 12:47:14,0,13,高端大气上档次，低调奢华有内涵。奔放洋气有深度，狂拽酷炫屌炸天,山东,是,https://i2.hdslb.com/bfs/face/2fb462a24edacc5a0170b0d86c02d7e62f45ff64.jpg
402,262483917761,262489176705,1866209255,元气压把发,5,保密,回复 @夏天来杯好果汁 :并非华仔BV1dB4y1f7Ey,2025-05-22 12:47:30,0,6,高端大气上档次，低调奢华有内涵。奔放洋气有深度，狂拽酷炫屌炸天,山东,是,https://i2.hdslb.com/bfs/face/2fb462a24edacc5a0170b0d86c02d7e62f45ff64.jpg
403,262489037377,262489314273,2047472570,伏尸王结城友奈,6,保密,回复 @元气压把发 :我有罪,2025-05-22 12:49:35,0,2,诈尸了,重庆,是,https://i2.hdslb.com/bfs/face/1e7cdc8db138256ee515f5ad76cd925eb82d4db4.jpg
404,262489314273,262489703313,1866209255,元气压把发,5,保密,回复 @伏尸王结城友奈 :不慌喵[Ave Mujica_记得微笑],2025-05-22 12:53:15,0,1,高端大气上档次，低调奢华有内涵。奔放洋气有深度，狂拽酷炫屌炸天,山东,是,https://i2.hdslb.com/bfs/face/2fb462a24edacc5a0170b0d86c02d7e62f45ff64.jpg
405,262489176705,262495477505,237187792,夏天来杯好果汁,6,男,回复 @元气压把发 :这下看懂了，谢谢[doge],2025-05-22 13:59:55,0,1,"万法皆修，万法不通。
简称杂修",辽宁,否,https://i1.hdslb.com/bfs/face/2d7eb7d98814944f698fb6eaea798816f828d324.jpg
406,262495477505,262565249473,1866209255,元气压把发,5,保密,回复 @夏天来杯好果汁 :不客气喵[Mygo表情包_抹茶芭菲],2025-05-23 10:56:07,0,0,高端大气上档次，低调奢华有内涵。奔放洋气有深度，狂拽酷炫屌炸天,山东,是,https://i2.hdslb.com/bfs/face/2fb462a24edacc5a0170b0d86c02d7e62f45ff64.jpg
407,0,263476987632,389873841,阿迪巨哒,6,男,这么快,2025-05-22 11:42:00,0,0,,江苏,否,https://i0.hdslb.com/bfs/face/ab59bfbd3b9e50e927bfa5aa23a6e0b1078c9abe.jpg
408,0,263476770800,1080111200,虚构史学家-飛,5,女,哎呦我去快点发完整版[崩坏：星穹铁道_冲鸭],2025-05-22 11:40:11,0,9,宇宙不可穷解，真理实是幻觉,广东,否,https://i2.hdslb.com/bfs/face/58d6e3ad9f2851382496a4e4e40e4172f53493e8.jpg
409,0,262483529409,4456370,阿贝多的实验犬,6,女,纯路人，这是略猫游戏吗😡,2025-05-22 11:39:10,0,1,叫我凌绯就好，有话有事请私信。尽量当纯良萌萌人。纯纯二游痴，粥原铁绝鸣都沾点,广西,否,https://i2.hdslb.com/bfs/face/aa790ef5260f124eb106b5306d075ea3ce80822b.jpg
410,0,263476712288,107248109,是喵不是喵不,6,保密,这么快？！,2025-05-22 11:38:43,0,0,,宁夏,否,https://i2.hdslb.com/bfs/face/e1b06e6c63eda9d045080ab525e85f1561d1ee02.jpg
411,0,262483298513,1870906753,芥_川_龙_之_介,5,保密,你先别看了我问你个事，我的来去曼波完整版呢,2025-05-22 11:36:44,0,0,哪来的野猫？*该用户已被禁言*,河南,是,https://i1.hdslb.com/bfs/face/76e9898ce9e3c886047fb401dff6166463807295.jpg
412,0,263476237488,1241944702,凋零S夕,5,保密,播放量什么的已经不重要了，这个byd已经完全沉浸在自己的艺术里了[笑哭],2025-05-22 11:34:29,0,1,,湖南,否,https://i1.hdslb.com/bfs/face/27320495ce50c65e1cb6f25f7a16541eea16c370.jpg
413,0,262483048609,438336276,寒霜猫头鹰歪头,5,保密,这么快？[星星眼],2025-05-22 11:33:37,0,0,,江苏,否,http://i0.hdslb.com/bfs/face/1174244e162ce6fd5d3a0a04e9cb408830798174.jpg
414,0,262483044897,202677195,明白羽3301,6,女,唉，米哈游的大手,2025-05-22 11:33:29,0,1,LVG真王朝了,河南,是,https://i0.hdslb.com/bfs/face/92ce5875c8ef88f26a7b24e6d3b08c9eab688144.jpg
415,0,262482957457,524834997,月亮河绿化大使,5,保密,虐赛区你们赢了[大哭],2025-05-22 11:33:14,10,1859,"食不食油饼
",广东,否,https://i0.hdslb.com/bfs/face/9a48fa59412338149d7425666a53f159094e3784.jpg
416,262482957457,262483232209,3546725824334291,M14射手步枪,4,保密,没玩过，这游戏居然略猫，我要举办[doge_金箍],2025-05-22 11:35:49,0,68,,上海,否,https://i2.hdslb.com/bfs/face/804b593a884ef7198a409ab5fe20393399eea163.jpg
417,262483367729,263482731072,3494366528145719,忆昔布朗尼,4,保密,回复 @伏尸王结城友奈 :一秒猜出盗火行者性别,2025-05-22 12:48:20,0,147,雀芙萤蝶鸭厨,上海,是,https://i2.hdslb.com/bfs/face/3f88a4d26ea126ec9a897684cf2d5fa9748e43dd.jpg
418,262483367729,262493706161,1238421755,萧家的废物,4,保密,回复 @伏尸王结城友奈 :神人,2025-05-22 13:39:48,0,16,,广东,否,https://i2.hdslb.com/bfs/face/40b2a3265b2b9b2d9d66a1ed8e072ccfab76a581.jpg
419,262483176161,262522006065,3494376112130051,团宇白淺丸U,4,保密,回复 @M14射手步枪 :m14大人[大哭]被削力[大哭],2025-05-23 00:25:16,0,10,,北京,否,https://i2.hdslb.com/bfs/face/dcdf889bd7828cfe5efbd2fe7f84f99d613bfe3e.jpg
420,263482731072,263534104656,438905733,苍辉映星月,6,保密,回复 @回忆往昔的Bronie :那很慢了,2025-05-23 04:47:38,0,3,不好说,广西,否,https://i0.hdslb.com/bfs/face/d3057cdffeccd3625fbbd961a27e93ed88d93beb.jpg
421,262482957457,262543809313,501337660,千叶离若间,5,保密,被野狗嚼嚼嚼了,2025-05-23 05:50:31,0,11,,湖南,是,https://i1.hdslb.com/bfs/face/ddd667b0bff0c8d3466d6789aee50c188d6464ef.jpg
422,262482957457,262550924417,676518599,网终于不卡了,5,保密,本来想养的，这个真想养[笑哭],2025-05-23 07:49:27,0,3,什么都发,黑龙江,是,https://i2.hdslb.com/bfs/face/8cf459eddff0c6cfd88da6bdeea0f5a6167b2379.jpg
423,262482957457,263739372640,1888006041,超级小宝灬,5,保密,本来打算收养赛飞儿的😭😭😭,2025-05-25 08:32:08,0,0,,陕西,是,https://i0.hdslb.com/bfs/face/71eded4436602208ab7bfa842318313b07dd868e.jpg
424,262482957457,263853719520,671789338,慕容一零,5,保密,我是，终将哈气的圆头@罗浮的青雀本人,2025-05-26 13:48:47,0,0,,广东,否,https://i1.hdslb.com/bfs/face/9fa2e61b9df81f7612683c790e7ba00d21459c1a.jpg
425,262483232209,263955415712,2098412607,泷洦,5,保密,回复 @M14射手步枪 :没有“我喜欢你”😡,2025-05-27 17:01:42,0,0,,福建,否,https://i0.hdslb.com/bfs/face/05b40764bc037205faabac7dd50dd2eb35119750.jpg
426,0,263475990112,400840603,迁徙的鸽子,5,男,哦哦哦艾格勒,2025-05-22 11:30:32,0,0,就爱打游戏,湖南,是,http://i1.hdslb.com/bfs/face/9608a9e9aae8e816132daaec6ad761f1d03c6874.jpg
427,0,263476016672,389760405,熬夜不好你还熬,6,保密,艾格勒听了都哈气[绝区零_惊吓],2025-05-22 11:30:14,0,14,Empathy,河南,是,https://i0.hdslb.com/bfs/face/36e6ffc9837bc3133169aa9424f90dedf265f99b.jpg
428,0,262482552497,1922225776,圣人王阳明,5,男,哇还有联合投稿,2025-05-22 11:29:31,0,30,饮冰室主人,浙江,否,https://i1.hdslb.com/bfs/face/b15e5640ba0ce4999affe7f26c2f7b6e5c9045c6.jpg
429,0,262482591729,173592185,SalamandistQ,6,保密,全能雇佣兵神ID,2025-05-22 11:28:37,0,36,,陕西,是,https://i2.hdslb.com/bfs/face/4ac4ecffc2280a35444a054a1667492d8f9190b8.jpg
430,0,263475765792,1458286943,高天原的小爱豆,5,保密,真哈鸭库了[好猫坏猫都是猫_舔舔],2025-05-22 11:27:36,0,3,,四川,是,https://i2.hdslb.com/bfs/face/96461f5b5966daa294e121f8850d65903b15c585.jpg
431,0,263475763600,33899506,林泽无渊,6,男,艾格勒小时候听到这集吓哭了,2025-05-22 11:27:32,0,1,无人与我立黄昏,安徽,否,https://i1.hdslb.com/bfs/face/7cf6942c2828ff29bc56a57a09b63ffe64ed2bc1.jpg
432,0,262482455937,149220575,一拳干爆三体人,6,保密,秒赤,2025-05-22 11:26:53,0,1,冲冲冲冲冲冲冲冲冲,广东,否,https://i2.hdslb.com/bfs/face/21bec07ee912e73172aebff621e2bffaa13a8bad.jpg
433,0,262482294417,412572686,永江狛爵,6,男,不是，中午发的，你现在就做出来了？,2025-05-22 11:26:19,2,157,,上海,否,https://i2.hdslb.com/bfs/face/458e9c12ab757debfb074f53b1805df9027d38d8.jpg
434,262482294417,262482684001,2047472570,伏尸王结城友奈,6,保密,回复 @永江狛爵 :[呲牙],2025-05-22 11:29:15,0,1,诈尸了,重庆,是,https://i2.hdslb.com/bfs/face/1e7cdc8db138256ee515f5ad76cd925eb82d4db4.jpg
435,262482294417,263509010560,2054584208,小钻风在西湖畔,5,保密,也许是午饭吃了灵感菇,2025-05-22 18:57:00,0,0,大王叫我来巡山,广东,否,https://i2.hdslb.com/bfs/face/0fdf4a1e2d62d40ef1f4de64509a05f70d596241.jpg
436,0,263475431104,494759113,Dr-山雨欲来,6,保密,飞舞飞舞飞舞飞舞飞舞飞舞飞舞飞舞飞舞飞舞飞舞飞舞飞舞飞舞飞舞飞舞飞舞飞舞飞舞飞舞飞舞飞舞飞舞飞舞飞舞飞舞飞舞飞舞飞舞飞舞飞舞飞舞飞舞飞舞飞舞飞舞飞舞飞舞飞舞飞舞,2025-05-22 11:24:55,1,2,"没时间好好做视频呐
过几个月正常更新",江西,否,https://i1.hdslb.com/bfs/face/f1e71ef24251a90bfb4899dd00ebf41e365bba94.jpg
437,263475431104,262484130897,2047472570,伏尸王结城友奈,6,保密,吃食去吧,2025-05-22 11:46:44,0,0,诈尸了,重庆,是,https://i2.hdslb.com/bfs/face/1e7cdc8db138256ee515f5ad76cd925eb82d4db4.jpg
438,0,262481364241,3546725056777182,阿格莱雅不再哈气,4,保密,想听完整版,2025-05-22 11:13:46,0,1,被出生凯妮斯刺杀了，侥幸假死从高台上面落地水逃脱，来B站发视频,北京,是,https://i0.hdslb.com/bfs/face/df8ef67183271e1d5a7959f5603edd0ba6362e29.jpg
439,0,263473727376,14676440,Cooper_ATG,6,男,艾格勒可是爱人大神,2025-05-22 11:06:15,0,0,白洲梓我老婆,法国,否,https://i2.hdslb.com/bfs/face/d6aac6e3304c3811f72c1192cbfa47a3bb565001.jpg
440,0,262480578977,2047472570,伏尸王结城友奈,6,保密,明天还要考试，做一半没忍住先发出来了[笑哭],2025-05-22 11:05:03,28,1676,诈尸了,重庆,是,https://i2.hdslb.com/bfs/face/1e7cdc8db138256ee515f5ad76cd925eb82d4db4.jpg
441,262480578977,262480640897,3546725056777182,阿格莱雅不再哈气,4,保密,终于复活了,2025-05-22 11:05:21,0,10,被出生凯妮斯刺杀了，侥幸假死从高台上面落地水逃脱，来B站发视频,北京,是,https://i0.hdslb.com/bfs/face/df8ef67183271e1d5a7959f5603edd0ba6362e29.jpg
442,262480578977,262480762913,3546725056777182,阿格莱雅不再哈气,4,保密,回头做晨昏之耄的时候就用这个,2025-05-22 11:06:45,0,42,被出生凯妮斯刺杀了，侥幸假死从高台上面落地水逃脱，来B站发视频,北京,是,https://i0.hdslb.com/bfs/face/df8ef67183271e1d5a7959f5603edd0ba6362e29.jpg
443,262480578977,262482599425,405860750,可爱小哈姆,4,保密,一朵花这个辅食碗宝宝,2025-05-22 11:28:54,0,11,,贵州,否,https://i2.hdslb.com/bfs/face/9c4460adf670e3b6e97e07124bed2fdeb1ab98ed.jpg
444,262480578977,263475874720,346123949,平安_健康_喜乐,5,女,下次忍不住就直接发出来吧🥰没关系的……我想要🥵,2025-05-22 11:29:16,0,18,祝愿每一天每个人平平安安健健康康,浙江,是,https://i2.hdslb.com/bfs/face/7d63209ea0c1cb2cf210a1d148d3233a869712b2.jpg
445,262480578977,263476197984,374281305,长亭有晴,6,保密,我也没忍住[Pastel Palettes 静态表情包_好吧],2025-05-22 11:32:47,0,11,做点想做的 祝你天天开心^_^,江西,是,https://i0.hdslb.com/bfs/face/2623df1a295856b506663434e4dc3a9a13c8bf15.jpg
446,262480578977,263476850960,227701229,蛤蟆蛤蟆go,5,保密,看错了...看成拔了,2025-05-22 11:40:31,0,4,,河北,否,https://i2.hdslb.com/bfs/face/f48778afc3cdcf4fbb43ffdbefa195d822dc96c1.jpg
447,262480578977,263482184144,496109432,优华帝,5,男,早谢是吧,2025-05-22 12:43:03,0,1,这个人很神经，什么都没有,四川,否,https://i2.hdslb.com/bfs/face/35b47aaef12eda0a2b9decc605a0f696b2b5a562.jpg
448,262480578977,262507208369,3493117443443157,DJ的金发女人,5,女,考什么？你n2不是过了,2025-05-22 16:12:05,0,1,"闲聊群：928268504
本人不在群内 任何事与我无关",安徽,否,https://i0.hdslb.com/bfs/face/c67d90c7e3daa4a566035b1bb101de106b9e0bf1.jpg
449,262507208369,262507114449,2047472570,伏尸王结城友奈,6,保密,回复 @DJ的金发女人 :期末考试,2025-05-22 16:13:09,0,2,诈尸了,重庆,是,https://i2.hdslb.com/bfs/face/1e7cdc8db138256ee515f5ad76cd925eb82d4db4.jpg
450,262507114449,262507506593,3493117443443157,DJ的金发女人,5,女,回复 @伏尸王结城友奈 :你还在上大学？,2025-05-22 16:18:00,0,3,"闲聊群：928268504
本人不在群内 任何事与我无关",安徽,否,https://i0.hdslb.com/bfs/face/c67d90c7e3daa4a566035b1bb101de106b9e0bf1.jpg
451,262507506593,262513885793,2047472570,伏尸王结城友奈,6,保密,回复 @DJ的金发女人 :大三,2025-05-22 18:21:48,0,0,诈尸了,重庆,是,https://i2.hdslb.com/bfs/face/1e7cdc8db138256ee515f5ad76cd925eb82d4db4.jpg
452,262480578977,262516553185,349528699,臙条巴土狼,5,男,做得很好啊，快放完整版[doge],2025-05-22 20:34:18,0,4,怀表怎么停了～～,福建,否,https://i1.hdslb.com/bfs/face/6ca84583c953eca63edf2c0c9b595b478c7ec2d9.jpg
453,262480578977,262523484785,1661483483,无暮无暮年,4,男,神人[妙啊],2025-05-23 00:55:51,0,3,露从今夜白,广西,否,https://i2.hdslb.com/bfs/face/16ac38688cf25005f36f5ffd0ff742c161654093.jpg
454,262480578977,262532729265,1994361083,问天清,5,保密,我是，终将哈气的基米😡!,2025-05-23 03:29:34,0,7,,北京,是,https://i2.hdslb.com/bfs/face/3dfa3ea0584d32266a7c30370f61f51900db43e8.jpg
455,262480578977,262533330785,2047472570,伏尸王结城友奈,6,保密,完整版等两天[汤圆],2025-05-23 03:39:47,0,18,诈尸了,重庆,是,https://i2.hdslb.com/bfs/face/1e7cdc8db138256ee515f5ad76cd925eb82d4db4.jpg
456,262532729265,262544682497,438480370,图卢斯,5,保密,回复 @问天清 : 我是，背负基米之人😡！,2025-05-23 06:04:15,0,6,,山东,否,https://i1.hdslb.com/bfs/face/994f6f798c257f4db32e1812e99e319f295bc9e2.jpg
457,262480578977,262551119905,522160362,暗黑苏柒冉,6,保密,哎呀，害死我立[doge_金箍][doge_金箍][doge_金箍],2025-05-23 07:54:17,0,0,,辽宁,否,http://i0.hdslb.com/bfs/face/7a420d6a0030a7230b7900f835ccdbef53ad3365.jpg
458,262480578977,263550518608,1328937431,月落隐逸-寄术澜,5,男,考完记得发个完整版的[喜欢][喜欢][喜欢]（一人血书1/648）,2025-05-23 08:50:44,0,0,"历史万战澜万战马克，癫疯3400分选手月捞湿
微信QQ王者群（在动态置顶)一起开黑聊天哦",甘肃,是,https://i2.hdslb.com/bfs/face/79e72d45af70e5fb8005524c636512b44947ccde.jpg
459,263550518608,262555390241,2047472570,伏尸王结城友奈,6,保密,回复 @月落隐逸-寄术澜 :考完了，现在就开工,2025-05-23 08:58:05,0,1,诈尸了,重庆,是,https://i2.hdslb.com/bfs/face/1e7cdc8db138256ee515f5ad76cd925eb82d4db4.jpg
460,262555390241,263551529680,496109432,优华帝,5,男,回复 @伏尸王结城友奈 :凯南开大啊,2025-05-23 09:03:13,0,0,这个人很神经，什么都没有,四川,否,https://i2.hdslb.com/bfs/face/35b47aaef12eda0a2b9decc605a0f696b2b5a562.jpg
461,262533330785,263640277872,70866532,_KiryuKZM_,6,男,回复 @伏尸王结城友奈 :搞快点搞快点,2025-05-24 07:46:06,0,0,年度大会员就是为了看凡人,江西,是,https://i1.hdslb.com/bfs/face/a876c52f35bb3ff4bc1afd0777317605e4311ac0.jpg
462,263640277872,262647325073,2047472570,伏尸王结城友奈,6,保密,回复 @_KiryuKZM_ :发出来了已经[汤圆],2025-05-24 08:59:20,0,1,诈尸了,重庆,是,https://i2.hdslb.com/bfs/face/1e7cdc8db138256ee515f5ad76cd925eb82d4db4.jpg
463,262516553185,262648096465,2047472570,伏尸王结城友奈,6,保密,回复 @臙条巴土狼 :发了,2025-05-24 09:08:53,0,0,诈尸了,重庆,是,https://i2.hdslb.com/bfs/face/1e7cdc8db138256ee515f5ad76cd925eb82d4db4.jpg
464,263640277872,262648098481,2047472570,伏尸王结城友奈,6,保密,回复 @_KiryuKZM_ :发了,2025-05-24 09:08:57,0,0,诈尸了,重庆,是,https://i2.hdslb.com/bfs/face/1e7cdc8db138256ee515f5ad76cd925eb82d4db4.jpg
465,263550518608,262648041041,2047472570,伏尸王结城友奈,6,保密,回复 @月落隐逸-寄术澜 :完整版已发,2025-05-24 09:09:06,0,0,诈尸了,重庆,是,https://i2.hdslb.com/bfs/face/1e7cdc8db138256ee515f5ad76cd925eb82d4db4.jpg
466,262648041041,263740829552,1328937431,月落隐逸-寄术澜,5,男,回复 @伏尸王结城友奈 :细品过了，燃死了[吃瓜][吃瓜][吃瓜],2025-05-25 08:50:56,0,0,"历史万战澜万战马克，癫疯3400分选手月捞湿
微信QQ王者群（在动态置顶)一起开黑聊天哦",甘肃,是,https://i2.hdslb.com/bfs/face/79e72d45af70e5fb8005524c636512b44947ccde.jpg
467,262480578977,263097223073,478086992,丨君月丨,6,女,[生气]你考试想题目的时候只能哼这个小曲[生气],2025-05-29 13:56:49,0,0,乌拉！,广东,否,https://i2.hdslb.com/bfs/face/cf29ccdcc29fed766370759915767d179eb4bf71.jpg
468,262480578977,264715600240,1409380016,星河溯渊,5,男,考试不认真准备，还跑来发视频，不怕考到一半脑子里蹦出来一句南北绿豆吗,2025-06-05 04:43:35,0,1,原神,海南,否,https://i2.hdslb.com/bfs/face/3b8be8a6c9a9e7cd58c076d358f89688814a30e8.jpg
469,0,262480348673,400518955,Null_QwQ,6,保密,进度条好可爱,2025-05-22 11:02:53,0,1,大狗继续叫,北京,否,https://i1.hdslb.com/bfs/face/0329edaa26e2bc59353298334a240ebd67949f08.jpg
470,0,263473484944,1023103925,离道难得硕,4,保密,👊[tv_微笑],2025-05-22 11:02:53,0,0,,山西,否,https://i2.hdslb.com/bfs/face/105b703602a8814baff075260bcbb449f1a47f77.jpg
471,0,262480320481,438007181,某林少,5,保密,[星星眼],2025-05-22 11:02:00,0,0,.,重庆,否,https://i2.hdslb.com/bfs/face/28183567c2fa3e05dba0b99d85567235fe4b90ea.jpg
